This is pdfTeX, Version 3.141592653-2.6-1.40.26 (TeX Live 2025/dev/Debian) (preloaded format=latex 2025.9.27)  25 FEB 2026 22:51
entering extended mode
 restricted \write18 enabled.
 %&-line parsing enabled.
**\makeatletter\def\HCode{\futurelet\HCode\HChar}\def\HChar{\ifx"\HCode\def\HCo
de"##1"{\Link##1}\expandafter\HCode\else\expandafter\Link\fi}\def\Link#1.a.b.c.
{\let\HCode\documentstyle\def\documentstyle{\let\documentstyle\HCode\expandafte
r\def\csname tex4ht\endcsname{#1,html}\def\HCode####1{\documentstyle[tex4ht,}\@
ifnextchar[{\HCode}{\documentstyle[tex4ht]}}\RequirePackage[#1,html]{tex4ht}}\m
akeatother\HCode xhtml,,charset=utf-8,html5.a.b.c.\input "\detokenize{./geostat
s.tex}"
(/usr/share/texlive/texmf-dist/tex/generic/tex4ht/tex4ht.sty
version 2025-02-27-12:30
Package: tex4ht 
--------------------------------------
--- Note --- for _ at preamble, use the command line option `early_'
--------------------------------------
--------------------------------------
--- Note --- for ^ at preamble, use the command line option `early^'
--------------------------------------
\tmp:toks=\toks17
) (./geostats.tex (/usr/share/texlive/texmf-dist/tex/generic/tex4ht/usepackage.
4ht
version 2024-12-06-14:38
) (/usr/share/texlive/texmf-dist/tex/latex/base/book.cls
Document Class: book 2024/06/29 v1.4n Standard LaTeX document class
(/usr/share/texlive/texmf-dist/tex/latex/base/bk11.clo
File: bk11.clo 2024/06/29 v1.4n Standard LaTeX file (size option)
)
\c@part=\count196
\c@chapter=\count197
\c@section=\count198
\c@subsection=\count199
\c@subsubsection=\count266
\c@paragraph=\count267
\c@subparagraph=\count268
\c@figure=\count269
\c@table=\count270
\abovecaptionskip=\skip49
\belowcaptionskip=\skip50
\bibindent=\dimen141
) (/usr/share/texlive/texmf-dist/tex/latex/geometry/geometry.sty
Package: geometry 2020/01/02 v5.9 Page Geometry
(/usr/share/texlive/texmf-dist/tex/latex/graphics/keyval.sty
Package: keyval 2022/05/29 v1.15 key=value parser (DPC)
\KV@toks@=\toks18
) (/usr/share/texlive/texmf-dist/tex/generic/iftex/ifvtex.sty
Package: ifvtex 2019/10/25 v1.7 ifvtex legacy package. Use iftex instead.
(/usr/share/texlive/texmf-dist/tex/generic/iftex/iftex.sty
Package: iftex 2024/12/12 v1.0g TeX engine tests
))
\Gm@cnth=\count271
\Gm@cntv=\count272
\c@Gm@tempcnt=\count273
\Gm@bindingoffset=\dimen142
\Gm@wd@mp=\dimen143
\Gm@odd@mp=\dimen144
\Gm@even@mp=\dimen145
\Gm@layoutwidth=\dimen146
\Gm@layoutheight=\dimen147
\Gm@layouthoffset=\dimen148
\Gm@layoutvoffset=\dimen149
\Gm@dimlist=\toks19
) (/usr/share/texlive/texmf-dist/tex/generic/tex4ht/hyperref-hooks.4ht
version 2023-09-17-08:01
) (/usr/share/texlive/texmf-dist/tex/latex/hyperref/hyperref.sty
Package: hyperref 2024-11-05 v7.01l Hypertext links for LaTeX
(/usr/share/texlive/texmf-dist/tex/latex/kvsetkeys/kvsetkeys.sty
Package: kvsetkeys 2022-10-05 v1.19 Key value parser (HO)
) (/usr/share/texlive/texmf-dist/tex/generic/kvdefinekeys/kvdefinekeys.sty
Package: kvdefinekeys 2019-12-19 v1.6 Define keys (HO)
) (/usr/share/texlive/texmf-dist/tex/generic/pdfescape/pdfescape.sty
Package: pdfescape 2019/12/09 v1.15 Implements pdfTeX's escape features (HO)
(/usr/share/texlive/texmf-dist/tex/generic/ltxcmds/ltxcmds.sty
Package: ltxcmds 2023-12-04 v1.26 LaTeX kernel commands for general use (HO)
) (/usr/share/texlive/texmf-dist/tex/generic/pdftexcmds/pdftexcmds.sty
Package: pdftexcmds 2020-06-27 v0.33 Utility functions of pdfTeX for LuaTeX (HO
)
(/usr/share/texlive/texmf-dist/tex/generic/infwarerr/infwarerr.sty
Package: infwarerr 2019/12/03 v1.5 Providing info/warning/error messages (HO)
)
Package pdftexcmds Info: \pdf@primitive is available.
Package pdftexcmds Info: \pdf@ifprimitive is available.
Package pdftexcmds Info: \pdfdraftmode is ignored in DVI mode.
)) (/usr/share/texlive/texmf-dist/tex/latex/hycolor/hycolor.sty
Package: hycolor 2020-01-27 v1.10 Color options for hyperref/bookmark (HO)
) (/usr/share/texlive/texmf-dist/tex/latex/hyperref/nameref.sty
Package: nameref 2023-11-26 v2.56 Cross-referencing by name of section
(/usr/share/texlive/texmf-dist/tex/latex/refcount/refcount.sty
Package: refcount 2019/12/15 v3.6 Data extraction from label references (HO)
) (/usr/share/texlive/texmf-dist/tex/generic/gettitlestring/gettitlestring.sty
Package: gettitlestring 2019/12/15 v1.6 Cleanup title references (HO)
(/usr/share/texlive/texmf-dist/tex/latex/kvoptions/kvoptions.sty
Package: kvoptions 2022-06-15 v3.15 Key value format for package options (HO)
))
\c@section@level=\count274
) (/usr/share/texlive/texmf-dist/tex/latex/etoolbox/etoolbox.sty
Package: etoolbox 2025/02/11 v2.5l e-TeX tools for LaTeX (JAW)
\etb@tempcnta=\count275
) (/usr/share/texlive/texmf-dist/tex/generic/stringenc/stringenc.sty
Package: stringenc 2019/11/29 v1.12 Convert strings between diff. encodings (HO
)
)
\@linkdim=\dimen150
\Hy@linkcounter=\count276
\Hy@pagecounter=\count277
(/usr/share/texlive/texmf-dist/tex/latex/hyperref/pd1enc.def
File: pd1enc.def 2024-11-05 v7.01l Hyperref: PDFDocEncoding definition (HO)
Now handling font encoding PD1 ...
... no UTF-8 mapping file for font encoding PD1
) (/usr/share/texlive/texmf-dist/tex/generic/intcalc/intcalc.sty
Package: intcalc 2019/12/15 v1.3 Expandable calculations with integers (HO)
)
\Hy@SavedSpaceFactor=\count278
(/usr/share/texlive/texmf-dist/tex/latex/hyperref/puenc.def
File: puenc.def 2024-11-05 v7.01l Hyperref: PDF Unicode definition (HO)
Now handling font encoding PU ...
... no UTF-8 mapping file for font encoding PU
)
Package hyperref Info: Option `colorlinks' set `true' on input line 4040.
Package hyperref Info: Option `colorlinks' set `true' on input line 4040.
Package hyperref Info: Option `linktocpage' set `true' on input line 4040.
Package hyperref Info: Hyper figures OFF on input line 4157.
Package hyperref Info: Link nesting OFF on input line 4162.
Package hyperref Info: Hyper index ON on input line 4165.
Package hyperref Info: Plain pages OFF on input line 4172.
Package hyperref Info: Backreferencing OFF on input line 4177.
Package hyperref Info: Implicit mode ON; LaTeX internals redefined.
Package hyperref Info: Bookmarks ON on input line 4424.
\c@Hy@tempcnt=\count279
(/usr/share/texlive/texmf-dist/tex/latex/url/url.sty
\Urlmuskip=\muskip17
Package: url 2013/09/16  ver 3.4  Verb mode for urls, etc.
)
LaTeX Info: Redefining \url on input line 4763.
\XeTeXLinkMargin=\dimen151
(/usr/share/texlive/texmf-dist/tex/generic/bitset/bitset.sty
Package: bitset 2019/12/09 v1.3 Handle bit-vector datatype (HO)
(/usr/share/texlive/texmf-dist/tex/generic/bigintcalc/bigintcalc.sty
Package: bigintcalc 2019/12/15 v1.5 Expandable calculations on big integers (HO
)
))
\Fld@menulength=\count280
\Field@Width=\dimen152
\Fld@charsize=\dimen153
\Field@toks=\toks20
Package hyperref Info: Hyper figures OFF on input line 6042.
Package hyperref Info: Link nesting OFF on input line 6047.
Package hyperref Info: Hyper index ON on input line 6050.
Package hyperref Info: backreferencing OFF on input line 6057.
Package hyperref Info: Link coloring ON on input line 6060.
Package hyperref Info: Link coloring with OCG OFF on input line 6067.
Package hyperref Info: PDF/A mode OFF on input line 6072.
(/usr/share/texlive/texmf-dist/tex/latex/base/atbegshi-ltx.sty
Package: atbegshi-ltx 2021/01/10 v1.0c Emulation of the original atbegshi
package with kernel methods
)
\Hy@abspage=\count281

Package hyperref Message: Stopped early.

)
Package hyperref Info: Driver: htex4ht.
(/usr/share/texlive/texmf-dist/tex/latex/hyperref/htex4ht.def
File: htex4ht.def 2024-11-05 v7.01l Hyperref driver for TeX4ht
Package hyperref Info: tex4ht is already loaded.
) (/usr/share/texlive/texmf-dist/tex/latex/ifsym/ifsym.sty
Package: ifsym 2000/04/18 I.Kloeckl
(/usr/share/texlive/texmf-dist/tex/latex/tools/calc.sty
Package: calc 2023/07/08 v4.3 Infix arithmetic (KKT,FJ)
\calc@Acount=\count282
\calc@Bcount=\count283
\calc@Adimen=\dimen154
\calc@Bdimen=\dimen155
\calc@Askip=\skip51
\calc@Bskip=\skip52
LaTeX Info: Redefining \setlength on input line 80.
LaTeX Info: Redefining \addtolength on input line 81.
\calc@Ccount=\count284
\calc@Cskip=\skip53
)
\c@ifsymcnt=\count285
) (/usr/share/texlive/texmf-dist/tex/latex/upquote/upquote.sty
Package: upquote 2012/04/19 v1.3 upright-quote and grave-accent glyphs in verba
tim
) (/usr/share/texlive/texmf-dist/tex/latex/amsmath/amsmath.sty
Package: amsmath 2024/11/05 v2.17t AMS math features
\@mathmargin=\skip54
For additional information on amsmath, use the `?' option.
(/usr/share/texlive/texmf-dist/tex/latex/amsmath/amstext.sty
Package: amstext 2021/08/26 v2.01 AMS text
(/usr/share/texlive/texmf-dist/tex/latex/amsmath/amsgen.sty
File: amsgen.sty 1999/11/30 v2.0 generic functions
\@emptytoks=\toks21
\ex@=\dimen156
)) (/usr/share/texlive/texmf-dist/tex/latex/amsmath/amsbsy.sty
Package: amsbsy 1999/11/29 v1.2d Bold Symbols
\pmbraise@=\dimen157
) (/usr/share/texlive/texmf-dist/tex/latex/amsmath/amsopn.sty
Package: amsopn 2022/04/08 v2.04 operator names
)
\inf@bad=\count286
LaTeX Info: Redefining \frac on input line 233.
\uproot@=\count287
\leftroot@=\count288
LaTeX Info: Redefining \overline on input line 398.
LaTeX Info: Redefining \colon on input line 409.
\classnum@=\count289
\DOTSCASE@=\count290
LaTeX Info: Redefining \ldots on input line 495.
LaTeX Info: Redefining \dots on input line 498.
LaTeX Info: Redefining \cdots on input line 619.
\Mathstrutbox@=\box52
\strutbox@=\box53
LaTeX Info: Redefining \big on input line 721.
LaTeX Info: Redefining \Big on input line 722.
LaTeX Info: Redefining \bigg on input line 723.
LaTeX Info: Redefining \Bigg on input line 724.
\big@size=\dimen158
LaTeX Font Info:    Redeclaring font encoding OML on input line 742.
LaTeX Font Info:    Redeclaring font encoding OMS on input line 743.
\macc@depth=\count291
LaTeX Info: Redefining \bmod on input line 904.
LaTeX Info: Redefining \pmod on input line 909.
LaTeX Info: Redefining \smash on input line 939.
LaTeX Info: Redefining \relbar on input line 969.
LaTeX Info: Redefining \Relbar on input line 970.
\c@MaxMatrixCols=\count292
\dotsspace@=\muskip18
\c@parentequation=\count293
\dspbrk@lvl=\count294
\tag@help=\toks22
\row@=\count295
\column@=\count296
\maxfields@=\count297
\andhelp@=\toks23
\eqnshift@=\dimen159
\alignsep@=\dimen160
\tagshift@=\dimen161
\tagwidth@=\dimen162
\totwidth@=\dimen163
\lineht@=\dimen164
\@envbody=\toks24
\multlinegap=\skip55
\multlinetaggap=\skip56
\mathdisplay@stack=\toks25
LaTeX Info: Redefining \[ on input line 2953.
LaTeX Info: Redefining \] on input line 2954.
) (/usr/share/texlive/texmf-dist/tex/latex/natbib/natbib.sty
Package: natbib 2010/09/13 8.31b (PWD, AO)
\bibhang=\skip57
\bibsep=\skip58
LaTeX Info: Redefining \cite on input line 694.
\c@NAT@ctr=\count298
) (/usr/share/texlive/texmf-dist/tex/latex/graphics/graphicx.sty
Package: graphicx 2021/09/16 v1.2d Enhanced LaTeX Graphics (DPC,SPQR)
(/usr/share/texlive/texmf-dist/tex/generic/tex4ht/graphics-hooks.4ht
version 2022-08-17-14:25
) (/usr/share/texlive/texmf-dist/tex/latex/graphics/graphics.sty
Package: graphics 2024/08/06 v1.4g Standard LaTeX Graphics (DPC,SPQR)
(/usr/share/texlive/texmf-dist/tex/latex/graphics/trig.sty
Package: trig 2023/12/02 v1.11 sin cos tan (DPC)
) (/usr/share/texlive/texmf-dist/tex/latex/graphics-cfg/graphics.cfg
File: graphics.cfg 2016/06/04 v1.11 sample graphics configuration
)
Package graphics Info: Driver file: dvips.def on input line 106.
(/usr/share/texlive/texmf-dist/tex/latex/graphics-def/dvips.def
File: dvips.def 2022/09/22 v3.1e Graphics/color driver for dvips
))
\Gin@req@height=\dimen165
\Gin@req@width=\dimen166
) (/usr/share/texlive/texmf-dist/tex/latex/utfsym/utfsym.sty
Package: utfsym 2022/04/17 Use TikZ to support icons from Unicode blocks
(/usr/share/texlive/texmf-dist/tex/latex/l3packages/l3keys2e/l3keys2e.sty (/usr
/share/texlive/texmf-dist/tex/generic/tex4ht/expl3-hooks.4ht
version 2020-10-17-13:53
) (/usr/share/texlive/texmf-dist/tex/latex/l3kernel/expl3.sty
Package: expl3 2025-01-18 L3 programming layer (loader) 
(/usr/share/texlive/texmf-dist/tex/latex/l3backend/l3backend-dvips.def
File: l3backend-dvips.def 2024-05-08 L3 backend support: dvips
\l__pdf_internal_box=\box54
\l__pdf_backend_content_box=\box55
\l__pdf_backend_model_box=\box56
\g__pdf_backend_annotation_int=\count299
\g__pdf_backend_link_int=\count300
\g__pdf_backend_link_sf_int=\count301
))
Package: l3keys2e 2024-08-16 LaTeX2e option processing using LaTeX3 keys
) (/usr/share/texlive/texmf-dist/tex/generic/tex4ht/xcolor-hooks.4ht
version 2020-10-17-13:53
) (/usr/share/texlive/texmf-dist/tex/latex/xcolor/xcolor.sty
Package: xcolor 2024/09/29 v3.02 LaTeX color extensions (UK)
(/usr/share/texlive/texmf-dist/tex/latex/graphics-cfg/color.cfg
File: color.cfg 2016/01/02 v1.6 sample color configuration
)
Package xcolor Info: Driver file: dvips.def on input line 274.
(/usr/share/texlive/texmf-dist/tex/latex/graphics/mathcolor.ltx)
Package xcolor Info: Model `cmy' substituted by `cmy0' on input line 1349.
Package xcolor Info: Model `RGB' extended on input line 1365.
Package xcolor Info: Model `HTML' substituted by `rgb' on input line 1367.
Package xcolor Info: Model `Hsb' substituted by `hsb' on input line 1368.
Package xcolor Info: Model `tHsb' substituted by `hsb' on input line 1369.
Package xcolor Info: Model `HSB' substituted by `hsb' on input line 1370.
Package xcolor Info: Model `Gray' substituted by `gray' on input line 1371.
Package xcolor Info: Model `wave' substituted by `hsb' on input line 1372.
) (/usr/share/texlive/texmf-dist/tex/generic/tex4ht/tikz-hooks.4ht
version 2024-01-15-14:00
*****************************
TeX4ht info: Using dvisvgm4ht TikZ driver. Put \def \pgfsysdriver {driver-name}
 to your document before use of TikZ if you want to another driver. Use tikz+ o
ption if your TikZ pictures use patterns.
) (/usr/share/texlive/texmf-dist/tex/latex/pgf/frontendlayer/tikz.sty (/usr/sha
re/texlive/texmf-dist/tex/generic/tex4ht/pgf-hooks.4ht
version 2024-01-15-14:00
) (/usr/share/texlive/texmf-dist/tex/latex/pgf/basiclayer/pgf.sty (/usr/share/t
exlive/texmf-dist/tex/latex/pgf/utilities/pgfrcs.sty (/usr/share/texlive/texmf-
dist/tex/generic/pgf/utilities/pgfutil-common.tex
\pgfutil@everybye=\toks26
\pgfutil@tempdima=\dimen167
\pgfutil@tempdimb=\dimen168
) (/usr/share/texlive/texmf-dist/tex/generic/pgf/utilities/pgfutil-latex.def
\pgfutil@abb=\box57
) (/usr/share/texlive/texmf-dist/tex/generic/pgf/utilities/pgfrcs.code.tex (/us
r/share/texlive/texmf-dist/tex/generic/pgf/pgf.revision.tex)
Package: pgfrcs 2023-01-15 v3.1.10 (3.1.10)
))
Package: pgf 2023-01-15 v3.1.10 (3.1.10)
(/usr/share/texlive/texmf-dist/tex/latex/pgf/basiclayer/pgfcore.sty (/usr/share
/texlive/texmf-dist/tex/latex/pgf/systemlayer/pgfsys.sty (/usr/share/texlive/te
xmf-dist/tex/generic/pgf/systemlayer/pgfsys.code.tex
Package: pgfsys 2023-01-15 v3.1.10 (3.1.10)
(/usr/share/texlive/texmf-dist/tex/generic/pgf/utilities/pgfkeys.code.tex
\pgfkeys@pathtoks=\toks27
\pgfkeys@temptoks=\toks28

(/usr/share/texlive/texmf-dist/tex/generic/pgf/utilities/pgfkeyslibraryfiltered
.code.tex
\pgfkeys@tmptoks=\toks29
))
\pgf@x=\dimen169
\pgf@y=\dimen170
\pgf@xa=\dimen171
\pgf@ya=\dimen172
\pgf@xb=\dimen173
\pgf@yb=\dimen174
\pgf@xc=\dimen175
\pgf@yc=\dimen176
\pgf@xd=\dimen177
\pgf@yd=\dimen178
\w@pgf@writea=\write3
\r@pgf@reada=\read2
\c@pgf@counta=\count302
\c@pgf@countb=\count303
\c@pgf@countc=\count304
\c@pgf@countd=\count305
\t@pgf@toka=\toks30
\t@pgf@tokb=\toks31
\t@pgf@tokc=\toks32
\pgf@sys@id@count=\count306
(/usr/share/texlive/texmf-dist/tex/generic/pgf/systemlayer/pgf.cfg
File: pgf.cfg 2023-01-15 v3.1.10 (3.1.10)
)
Driver file for pgf: pgfsys-dvisvgm4ht.def

(/usr/share/texlive/texmf-dist/tex/generic/pgf/systemlayer/pgfsys-dvisvgm4ht.de
f
File: pgfsys-dvisvgm4ht.def 2023-01-15 v3.1.10 (3.1.10)
(/usr/share/texlive/texmf-dist/tex/generic/pgf/systemlayer/pgfsys-dvips.def
File: pgfsys-dvips.def 2023-01-15 v3.1.10 (3.1.10)

(/usr/share/texlive/texmf-dist/tex/generic/pgf/systemlayer/pgfsys-common-postsc
ript.def
File: pgfsys-common-postscript.def 2023-01-15 v3.1.10 (3.1.10)
\pgf@objectcount=\count307
))))
(/usr/share/texlive/texmf-dist/tex/generic/pgf/systemlayer/pgfsyssoftpath.code.
tex
File: pgfsyssoftpath.code.tex 2023-01-15 v3.1.10 (3.1.10)
\pgfsyssoftpath@smallbuffer@items=\count308
\pgfsyssoftpath@bigbuffer@items=\count309
)
(/usr/share/texlive/texmf-dist/tex/generic/pgf/systemlayer/pgfsysprotocol.code.
tex
File: pgfsysprotocol.code.tex 2023-01-15 v3.1.10 (3.1.10)
)) (/usr/share/texlive/texmf-dist/tex/generic/tex4ht/xcolor-hooks.4ht
version 2020-10-17-13:53
) (/usr/share/texlive/texmf-dist/tex/generic/pgf/basiclayer/pgfcore.code.tex
Package: pgfcore 2023-01-15 v3.1.10 (3.1.10)
(/usr/share/texlive/texmf-dist/tex/generic/pgf/math/pgfmath.code.tex (/usr/shar
e/texlive/texmf-dist/tex/generic/pgf/math/pgfmathutil.code.tex) (/usr/share/tex
live/texmf-dist/tex/generic/pgf/math/pgfmathparser.code.tex
\pgfmath@dimen=\dimen179
\pgfmath@count=\count310
\pgfmath@box=\box58
\pgfmath@toks=\toks33
\pgfmath@stack@operand=\toks34
\pgfmath@stack@operation=\toks35
) (/usr/share/texlive/texmf-dist/tex/generic/pgf/math/pgfmathfunctions.code.tex
)
(/usr/share/texlive/texmf-dist/tex/generic/pgf/math/pgfmathfunctions.basic.code
.tex)
(/usr/share/texlive/texmf-dist/tex/generic/pgf/math/pgfmathfunctions.trigonomet
ric.code.tex)
(/usr/share/texlive/texmf-dist/tex/generic/pgf/math/pgfmathfunctions.random.cod
e.tex)
(/usr/share/texlive/texmf-dist/tex/generic/pgf/math/pgfmathfunctions.comparison
.code.tex)
(/usr/share/texlive/texmf-dist/tex/generic/pgf/math/pgfmathfunctions.base.code.
tex)
(/usr/share/texlive/texmf-dist/tex/generic/pgf/math/pgfmathfunctions.round.code
.tex)
(/usr/share/texlive/texmf-dist/tex/generic/pgf/math/pgfmathfunctions.misc.code.
tex)
(/usr/share/texlive/texmf-dist/tex/generic/pgf/math/pgfmathfunctions.integerari
thmetics.code.tex) (/usr/share/texlive/texmf-dist/tex/generic/pgf/math/pgfmathc
alc.code.tex) (/usr/share/texlive/texmf-dist/tex/generic/pgf/math/pgfmathfloat.
code.tex
\c@pgfmathroundto@lastzeros=\count311
)) (/usr/share/texlive/texmf-dist/tex/generic/pgf/math/pgfint.code.tex)
(/usr/share/texlive/texmf-dist/tex/generic/pgf/basiclayer/pgfcorepoints.code.te
x
File: pgfcorepoints.code.tex 2023-01-15 v3.1.10 (3.1.10)
\pgf@picminx=\dimen180
\pgf@picmaxx=\dimen181
\pgf@picminy=\dimen182
\pgf@picmaxy=\dimen183
\pgf@pathminx=\dimen184
\pgf@pathmaxx=\dimen185
\pgf@pathminy=\dimen186
\pgf@pathmaxy=\dimen187
\pgf@xx=\dimen188
\pgf@xy=\dimen189
\pgf@yx=\dimen190
\pgf@yy=\dimen191
\pgf@zx=\dimen192
\pgf@zy=\dimen193
)
(/usr/share/texlive/texmf-dist/tex/generic/pgf/basiclayer/pgfcorepathconstruct.
code.tex
File: pgfcorepathconstruct.code.tex 2023-01-15 v3.1.10 (3.1.10)
\pgf@path@lastx=\dimen194
\pgf@path@lasty=\dimen195
)
(/usr/share/texlive/texmf-dist/tex/generic/pgf/basiclayer/pgfcorepathusage.code
.tex
File: pgfcorepathusage.code.tex 2023-01-15 v3.1.10 (3.1.10)
\pgf@shorten@end@additional=\dimen196
\pgf@shorten@start@additional=\dimen197
)
(/usr/share/texlive/texmf-dist/tex/generic/pgf/basiclayer/pgfcorescopes.code.te
x
File: pgfcorescopes.code.tex 2023-01-15 v3.1.10 (3.1.10)
\pgfpic=\box59
\pgf@hbox=\box60
\pgf@layerbox@main=\box61
\pgf@picture@serial@count=\count312
)
(/usr/share/texlive/texmf-dist/tex/generic/pgf/basiclayer/pgfcoregraphicstate.c
ode.tex
File: pgfcoregraphicstate.code.tex 2023-01-15 v3.1.10 (3.1.10)
\pgflinewidth=\dimen198
)
(/usr/share/texlive/texmf-dist/tex/generic/pgf/basiclayer/pgfcoretransformation
s.code.tex
File: pgfcoretransformations.code.tex 2023-01-15 v3.1.10 (3.1.10)
\pgf@pt@x=\dimen199
\pgf@pt@y=\dimen256
\pgf@pt@temp=\dimen257
)
(/usr/share/texlive/texmf-dist/tex/generic/pgf/basiclayer/pgfcorequick.code.tex
File: pgfcorequick.code.tex 2023-01-15 v3.1.10 (3.1.10)
)
(/usr/share/texlive/texmf-dist/tex/generic/pgf/basiclayer/pgfcoreobjects.code.t
ex
File: pgfcoreobjects.code.tex 2023-01-15 v3.1.10 (3.1.10)
)
(/usr/share/texlive/texmf-dist/tex/generic/pgf/basiclayer/pgfcorepathprocessing
.code.tex
File: pgfcorepathprocessing.code.tex 2023-01-15 v3.1.10 (3.1.10)
)
(/usr/share/texlive/texmf-dist/tex/generic/pgf/basiclayer/pgfcorearrows.code.te
x
File: pgfcorearrows.code.tex 2023-01-15 v3.1.10 (3.1.10)
\pgfarrowsep=\dimen258
)
(/usr/share/texlive/texmf-dist/tex/generic/pgf/basiclayer/pgfcoreshade.code.tex
File: pgfcoreshade.code.tex 2023-01-15 v3.1.10 (3.1.10)
\pgf@max=\dimen259
\pgf@sys@shading@range@num=\count313
\pgf@shadingcount=\count314
)
(/usr/share/texlive/texmf-dist/tex/generic/pgf/basiclayer/pgfcoreimage.code.tex
File: pgfcoreimage.code.tex 2023-01-15 v3.1.10 (3.1.10)
)
(/usr/share/texlive/texmf-dist/tex/generic/pgf/basiclayer/pgfcoreexternal.code.
tex
File: pgfcoreexternal.code.tex 2023-01-15 v3.1.10 (3.1.10)
\pgfexternal@startupbox=\box62
)
(/usr/share/texlive/texmf-dist/tex/generic/pgf/basiclayer/pgfcorelayers.code.te
x
File: pgfcorelayers.code.tex 2023-01-15 v3.1.10 (3.1.10)
)
(/usr/share/texlive/texmf-dist/tex/generic/pgf/basiclayer/pgfcoretransparency.c
ode.tex
File: pgfcoretransparency.code.tex 2023-01-15 v3.1.10 (3.1.10)
)
(/usr/share/texlive/texmf-dist/tex/generic/pgf/basiclayer/pgfcorepatterns.code.
tex
File: pgfcorepatterns.code.tex 2023-01-15 v3.1.10 (3.1.10)
) (/usr/share/texlive/texmf-dist/tex/generic/pgf/basiclayer/pgfcorerdf.code.tex
File: pgfcorerdf.code.tex 2023-01-15 v3.1.10 (3.1.10)
)))
(/usr/share/texlive/texmf-dist/tex/generic/pgf/modules/pgfmoduleshapes.code.tex
File: pgfmoduleshapes.code.tex 2023-01-15 v3.1.10 (3.1.10)
\pgfnodeparttextbox=\box63
) (/usr/share/texlive/texmf-dist/tex/generic/pgf/modules/pgfmoduleplot.code.tex
File: pgfmoduleplot.code.tex 2023-01-15 v3.1.10 (3.1.10)
)
(/usr/share/texlive/texmf-dist/tex/latex/pgf/compatibility/pgfcomp-version-0-65
.sty
Package: pgfcomp-version-0-65 2023-01-15 v3.1.10 (3.1.10)
\pgf@nodesepstart=\dimen260
\pgf@nodesepend=\dimen261
)
(/usr/share/texlive/texmf-dist/tex/latex/pgf/compatibility/pgfcomp-version-1-18
.sty
Package: pgfcomp-version-1-18 2023-01-15 v3.1.10 (3.1.10)
)) (/usr/share/texlive/texmf-dist/tex/latex/pgf/utilities/pgffor.sty (/usr/shar
e/texlive/texmf-dist/tex/latex/pgf/utilities/pgfkeys.sty (/usr/share/texlive/te
xmf-dist/tex/generic/pgf/utilities/pgfkeys.code.tex)) (/usr/share/texlive/texmf
-dist/tex/latex/pgf/math/pgfmath.sty (/usr/share/texlive/texmf-dist/tex/generic
/pgf/math/pgfmath.code.tex)) (/usr/share/texlive/texmf-dist/tex/generic/pgf/uti
lities/pgffor.code.tex
Package: pgffor 2023-01-15 v3.1.10 (3.1.10)
\pgffor@iter=\dimen262
\pgffor@skip=\dimen263
\pgffor@stack=\toks36
\pgffor@toks=\toks37
))
(/usr/share/texlive/texmf-dist/tex/generic/pgf/frontendlayer/tikz/tikz.code.tex
Package: tikz 2023-01-15 v3.1.10 (3.1.10)

(/usr/share/texlive/texmf-dist/tex/generic/pgf/libraries/pgflibraryplothandlers
.code.tex
File: pgflibraryplothandlers.code.tex 2023-01-15 v3.1.10 (3.1.10)
\pgf@plot@mark@count=\count315
\pgfplotmarksize=\dimen264
)
\tikz@lastx=\dimen265
\tikz@lasty=\dimen266
\tikz@lastxsaved=\dimen267
\tikz@lastysaved=\dimen268
\tikz@lastmovetox=\dimen269
\tikz@lastmovetoy=\dimen270
\tikzleveldistance=\dimen271
\tikzsiblingdistance=\dimen272
\tikz@figbox=\box64
\tikz@figbox@bg=\box65
\tikz@tempbox=\box66
\tikz@tempbox@bg=\box67
\tikztreelevel=\count316
\tikznumberofchildren=\count317
\tikznumberofcurrentchild=\count318
\tikz@fig@count=\count319

(/usr/share/texlive/texmf-dist/tex/generic/pgf/modules/pgfmodulematrix.code.tex
File: pgfmodulematrix.code.tex 2023-01-15 v3.1.10 (3.1.10)
\pgfmatrixcurrentrow=\count320
\pgfmatrixcurrentcolumn=\count321
\pgf@matrix@numberofcolumns=\count322
)
\tikz@expandcount=\count323

(/usr/share/texlive/texmf-dist/tex/generic/pgf/frontendlayer/tikz/libraries/tik
zlibrarytopaths.code.tex
File: tikzlibrarytopaths.code.tex 2023-01-15 v3.1.10 (3.1.10)
)))
   defining Unicode char U+1F000 (decimal 126976)
   defining Unicode char U+1F001 (decimal 126977)
   defining Unicode char U+1F002 (decimal 126978)
   defining Unicode char U+1F003 (decimal 126979)
   defining Unicode char U+1F004 (decimal 126980)
   defining Unicode char U+1F005 (decimal 126981)
   defining Unicode char U+1F006 (decimal 126982)
   defining Unicode char U+1F007 (decimal 126983)
   defining Unicode char U+1F008 (decimal 126984)
   defining Unicode char U+1F009 (decimal 126985)
   defining Unicode char U+1F00A (decimal 126986)
   defining Unicode char U+1F00B (decimal 126987)
   defining Unicode char U+1F00C (decimal 126988)
   defining Unicode char U+1F00D (decimal 126989)
   defining Unicode char U+1F00E (decimal 126990)
   defining Unicode char U+1F00F (decimal 126991)
   defining Unicode char U+1F010 (decimal 126992)
   defining Unicode char U+1F011 (decimal 126993)
   defining Unicode char U+1F012 (decimal 126994)
   defining Unicode char U+1F013 (decimal 126995)
   defining Unicode char U+1F014 (decimal 126996)
   defining Unicode char U+1F015 (decimal 126997)
   defining Unicode char U+1F016 (decimal 126998)
   defining Unicode char U+1F017 (decimal 126999)
   defining Unicode char U+1F018 (decimal 127000)
   defining Unicode char U+1F019 (decimal 127001)
   defining Unicode char U+1F01A (decimal 127002)
   defining Unicode char U+1F01B (decimal 127003)
   defining Unicode char U+1F01C (decimal 127004)
   defining Unicode char U+1F01D (decimal 127005)
   defining Unicode char U+1F01E (decimal 127006)
   defining Unicode char U+1F01F (decimal 127007)
   defining Unicode char U+1F020 (decimal 127008)
   defining Unicode char U+1F021 (decimal 127009)
   defining Unicode char U+1F022 (decimal 127010)
   defining Unicode char U+1F023 (decimal 127011)
   defining Unicode char U+1F024 (decimal 127012)
   defining Unicode char U+1F025 (decimal 127013)
   defining Unicode char U+1F026 (decimal 127014)
   defining Unicode char U+1F027 (decimal 127015)
   defining Unicode char U+1F028 (decimal 127016)
   defining Unicode char U+1F029 (decimal 127017)
   defining Unicode char U+1F02A (decimal 127018)
   defining Unicode char U+1F02B (decimal 127019)
   defining Unicode char U+1F02C (decimal 127020)
   defining Unicode char U+1F02D (decimal 127021)
   defining Unicode char U+1F02E (decimal 127022)
   defining Unicode char U+1F02F (decimal 127023)
   defining Unicode char U+1F030 (decimal 127024)
   defining Unicode char U+1F031 (decimal 127025)
   defining Unicode char U+1F032 (decimal 127026)
   defining Unicode char U+1F033 (decimal 127027)
   defining Unicode char U+1F034 (decimal 127028)
   defining Unicode char U+1F035 (decimal 127029)
   defining Unicode char U+1F036 (decimal 127030)
   defining Unicode char U+1F037 (decimal 127031)
   defining Unicode char U+1F038 (decimal 127032)
   defining Unicode char U+1F039 (decimal 127033)
   defining Unicode char U+1F03A (decimal 127034)
   defining Unicode char U+1F03B (decimal 127035)
   defining Unicode char U+1F03C (decimal 127036)
   defining Unicode char U+1F03D (decimal 127037)
   defining Unicode char U+1F03E (decimal 127038)
   defining Unicode char U+1F03F (decimal 127039)
   defining Unicode char U+1F040 (decimal 127040)
   defining Unicode char U+1F041 (decimal 127041)
   defining Unicode char U+1F042 (decimal 127042)
   defining Unicode char U+1F043 (decimal 127043)
   defining Unicode char U+1F044 (decimal 127044)
   defining Unicode char U+1F045 (decimal 127045)
   defining Unicode char U+1F046 (decimal 127046)
   defining Unicode char U+1F047 (decimal 127047)
   defining Unicode char U+1F048 (decimal 127048)
   defining Unicode char U+1F049 (decimal 127049)
   defining Unicode char U+1F04A (decimal 127050)
   defining Unicode char U+1F04B (decimal 127051)
   defining Unicode char U+1F04C (decimal 127052)
   defining Unicode char U+1F04D (decimal 127053)
   defining Unicode char U+1F04E (decimal 127054)
   defining Unicode char U+1F04F (decimal 127055)
   defining Unicode char U+1F050 (decimal 127056)
   defining Unicode char U+1F051 (decimal 127057)
   defining Unicode char U+1F052 (decimal 127058)
   defining Unicode char U+1F053 (decimal 127059)
   defining Unicode char U+1F054 (decimal 127060)
   defining Unicode char U+1F055 (decimal 127061)
   defining Unicode char U+1F056 (decimal 127062)
   defining Unicode char U+1F057 (decimal 127063)
   defining Unicode char U+1F058 (decimal 127064)
   defining Unicode char U+1F059 (decimal 127065)
   defining Unicode char U+1F05A (decimal 127066)
   defining Unicode char U+1F05B (decimal 127067)
   defining Unicode char U+1F05C (decimal 127068)
   defining Unicode char U+1F05D (decimal 127069)
   defining Unicode char U+1F05E (decimal 127070)
   defining Unicode char U+1F05F (decimal 127071)
   defining Unicode char U+1F060 (decimal 127072)
   defining Unicode char U+1F061 (decimal 127073)
   defining Unicode char U+1F062 (decimal 127074)
   defining Unicode char U+1F063 (decimal 127075)
   defining Unicode char U+1F064 (decimal 127076)
   defining Unicode char U+1F065 (decimal 127077)
   defining Unicode char U+1F066 (decimal 127078)
   defining Unicode char U+1F067 (decimal 127079)
   defining Unicode char U+1F068 (decimal 127080)
   defining Unicode char U+1F069 (decimal 127081)
   defining Unicode char U+1F06A (decimal 127082)
   defining Unicode char U+1F06B (decimal 127083)
   defining Unicode char U+1F06C (decimal 127084)
   defining Unicode char U+1F06D (decimal 127085)
   defining Unicode char U+1F06E (decimal 127086)
   defining Unicode char U+1F06F (decimal 127087)
   defining Unicode char U+1F070 (decimal 127088)
   defining Unicode char U+1F071 (decimal 127089)
   defining Unicode char U+1F072 (decimal 127090)
   defining Unicode char U+1F073 (decimal 127091)
   defining Unicode char U+1F074 (decimal 127092)
   defining Unicode char U+1F075 (decimal 127093)
   defining Unicode char U+1F076 (decimal 127094)
   defining Unicode char U+1F077 (decimal 127095)
   defining Unicode char U+1F078 (decimal 127096)
   defining Unicode char U+1F079 (decimal 127097)
   defining Unicode char U+1F07A (decimal 127098)
   defining Unicode char U+1F07B (decimal 127099)
   defining Unicode char U+1F07C (decimal 127100)
   defining Unicode char U+1F07D (decimal 127101)
   defining Unicode char U+1F07E (decimal 127102)
   defining Unicode char U+1F07F (decimal 127103)
   defining Unicode char U+1F080 (decimal 127104)
   defining Unicode char U+1F081 (decimal 127105)
   defining Unicode char U+1F082 (decimal 127106)
   defining Unicode char U+1F083 (decimal 127107)
   defining Unicode char U+1F084 (decimal 127108)
   defining Unicode char U+1F085 (decimal 127109)
   defining Unicode char U+1F086 (decimal 127110)
   defining Unicode char U+1F087 (decimal 127111)
   defining Unicode char U+1F088 (decimal 127112)
   defining Unicode char U+1F089 (decimal 127113)
   defining Unicode char U+1F08A (decimal 127114)
   defining Unicode char U+1F08B (decimal 127115)
   defining Unicode char U+1F08C (decimal 127116)
   defining Unicode char U+1F08D (decimal 127117)
   defining Unicode char U+1F08E (decimal 127118)
   defining Unicode char U+1F08F (decimal 127119)
   defining Unicode char U+1F090 (decimal 127120)
   defining Unicode char U+1F091 (decimal 127121)
   defining Unicode char U+1F092 (decimal 127122)
   defining Unicode char U+1F093 (decimal 127123)
   defining Unicode char U+1F094 (decimal 127124)
   defining Unicode char U+1F095 (decimal 127125)
   defining Unicode char U+1F096 (decimal 127126)
   defining Unicode char U+1F097 (decimal 127127)
   defining Unicode char U+1F098 (decimal 127128)
   defining Unicode char U+1F099 (decimal 127129)
   defining Unicode char U+1F09A (decimal 127130)
   defining Unicode char U+1F09B (decimal 127131)
   defining Unicode char U+1F09C (decimal 127132)
   defining Unicode char U+1F09D (decimal 127133)
   defining Unicode char U+1F09E (decimal 127134)
   defining Unicode char U+1F09F (decimal 127135)
   defining Unicode char U+1F0A0 (decimal 127136)
   defining Unicode char U+1F0A1 (decimal 127137)
   defining Unicode char U+1F0A2 (decimal 127138)
   defining Unicode char U+1F0A3 (decimal 127139)
   defining Unicode char U+1F0A4 (decimal 127140)
   defining Unicode char U+1F0A5 (decimal 127141)
   defining Unicode char U+1F0A6 (decimal 127142)
   defining Unicode char U+1F0A7 (decimal 127143)
   defining Unicode char U+1F0A8 (decimal 127144)
   defining Unicode char U+1F0A9 (decimal 127145)
   defining Unicode char U+1F0AA (decimal 127146)
   defining Unicode char U+1F0AB (decimal 127147)
   defining Unicode char U+1F0AC (decimal 127148)
   defining Unicode char U+1F0AD (decimal 127149)
   defining Unicode char U+1F0AE (decimal 127150)
   defining Unicode char U+1F0AF (decimal 127151)
   defining Unicode char U+1F0B0 (decimal 127152)
   defining Unicode char U+1F0B1 (decimal 127153)
   defining Unicode char U+1F0B2 (decimal 127154)
   defining Unicode char U+1F0B3 (decimal 127155)
   defining Unicode char U+1F0B4 (decimal 127156)
   defining Unicode char U+1F0B5 (decimal 127157)
   defining Unicode char U+1F0B6 (decimal 127158)
   defining Unicode char U+1F0B7 (decimal 127159)
   defining Unicode char U+1F0B8 (decimal 127160)
   defining Unicode char U+1F0B9 (decimal 127161)
   defining Unicode char U+1F0BA (decimal 127162)
   defining Unicode char U+1F0BB (decimal 127163)
   defining Unicode char U+1F0BC (decimal 127164)
   defining Unicode char U+1F0BD (decimal 127165)
   defining Unicode char U+1F0BE (decimal 127166)
   defining Unicode char U+1F0BF (decimal 127167)
   defining Unicode char U+1F0C0 (decimal 127168)
   defining Unicode char U+1F0C1 (decimal 127169)
   defining Unicode char U+1F0C2 (decimal 127170)
   defining Unicode char U+1F0C3 (decimal 127171)
   defining Unicode char U+1F0C4 (decimal 127172)
   defining Unicode char U+1F0C5 (decimal 127173)
   defining Unicode char U+1F0C6 (decimal 127174)
   defining Unicode char U+1F0C7 (decimal 127175)
   defining Unicode char U+1F0C8 (decimal 127176)
   defining Unicode char U+1F0C9 (decimal 127177)
   defining Unicode char U+1F0CA (decimal 127178)
   defining Unicode char U+1F0CB (decimal 127179)
   defining Unicode char U+1F0CC (decimal 127180)
   defining Unicode char U+1F0CD (decimal 127181)
   defining Unicode char U+1F0CE (decimal 127182)
   defining Unicode char U+1F0CF (decimal 127183)
   defining Unicode char U+1F0D0 (decimal 127184)
   defining Unicode char U+1F0D1 (decimal 127185)
   defining Unicode char U+1F0D2 (decimal 127186)
   defining Unicode char U+1F0D3 (decimal 127187)
   defining Unicode char U+1F0D4 (decimal 127188)
   defining Unicode char U+1F0D5 (decimal 127189)
   defining Unicode char U+1F0D6 (decimal 127190)
   defining Unicode char U+1F0D7 (decimal 127191)
   defining Unicode char U+1F0D8 (decimal 127192)
   defining Unicode char U+1F0D9 (decimal 127193)
   defining Unicode char U+1F0DA (decimal 127194)
   defining Unicode char U+1F0DB (decimal 127195)
   defining Unicode char U+1F0DC (decimal 127196)
   defining Unicode char U+1F0DD (decimal 127197)
   defining Unicode char U+1F0DE (decimal 127198)
   defining Unicode char U+1F0DF (decimal 127199)
   defining Unicode char U+1F0E0 (decimal 127200)
   defining Unicode char U+1F0E1 (decimal 127201)
   defining Unicode char U+1F0E2 (decimal 127202)
   defining Unicode char U+1F0E3 (decimal 127203)
   defining Unicode char U+1F0E4 (decimal 127204)
   defining Unicode char U+1F0E5 (decimal 127205)
   defining Unicode char U+1F0E6 (decimal 127206)
   defining Unicode char U+1F0E7 (decimal 127207)
   defining Unicode char U+1F0E8 (decimal 127208)
   defining Unicode char U+1F0E9 (decimal 127209)
   defining Unicode char U+1F0EA (decimal 127210)
   defining Unicode char U+1F0EB (decimal 127211)
   defining Unicode char U+1F0EC (decimal 127212)
   defining Unicode char U+1F0ED (decimal 127213)
   defining Unicode char U+1F0EE (decimal 127214)
   defining Unicode char U+1F0EF (decimal 127215)
   defining Unicode char U+1F0F0 (decimal 127216)
   defining Unicode char U+1F0F1 (decimal 127217)
   defining Unicode char U+1F0F2 (decimal 127218)
   defining Unicode char U+1F0F3 (decimal 127219)
   defining Unicode char U+1F0F4 (decimal 127220)
   defining Unicode char U+1F0F5 (decimal 127221)
   defining Unicode char U+1F0F6 (decimal 127222)
   defining Unicode char U+1F0F7 (decimal 127223)
   defining Unicode char U+1F0F8 (decimal 127224)
   defining Unicode char U+1F0F9 (decimal 127225)
   defining Unicode char U+1F0FA (decimal 127226)
   defining Unicode char U+1F0FB (decimal 127227)
   defining Unicode char U+1F0FC (decimal 127228)
   defining Unicode char U+1F0FD (decimal 127229)
   defining Unicode char U+1F0FE (decimal 127230)
   defining Unicode char U+1F0FF (decimal 127231)
   defining Unicode char U+1F300 (decimal 127744)
   defining Unicode char U+1F301 (decimal 127745)
   defining Unicode char U+1F302 (decimal 127746)
   defining Unicode char U+1F303 (decimal 127747)
   defining Unicode char U+1F304 (decimal 127748)
   defining Unicode char U+1F305 (decimal 127749)
   defining Unicode char U+1F306 (decimal 127750)
   defining Unicode char U+1F307 (decimal 127751)
   defining Unicode char U+1F308 (decimal 127752)
   defining Unicode char U+1F309 (decimal 127753)
   defining Unicode char U+1F30A (decimal 127754)
   defining Unicode char U+1F30B (decimal 127755)
   defining Unicode char U+1F30C (decimal 127756)
   defining Unicode char U+1F30D (decimal 127757)
   defining Unicode char U+1F30E (decimal 127758)
   defining Unicode char U+1F30F (decimal 127759)
   defining Unicode char U+1F310 (decimal 127760)
   defining Unicode char U+1F311 (decimal 127761)
   defining Unicode char U+1F312 (decimal 127762)
   defining Unicode char U+1F313 (decimal 127763)
   defining Unicode char U+1F314 (decimal 127764)
   defining Unicode char U+1F315 (decimal 127765)
   defining Unicode char U+1F316 (decimal 127766)
   defining Unicode char U+1F317 (decimal 127767)
   defining Unicode char U+1F318 (decimal 127768)
   defining Unicode char U+1F319 (decimal 127769)
   defining Unicode char U+1F31A (decimal 127770)
   defining Unicode char U+1F31B (decimal 127771)
   defining Unicode char U+1F31C (decimal 127772)
   defining Unicode char U+1F31D (decimal 127773)
   defining Unicode char U+1F31E (decimal 127774)
   defining Unicode char U+1F31F (decimal 127775)
   defining Unicode char U+1F320 (decimal 127776)
   defining Unicode char U+1F321 (decimal 127777)
   defining Unicode char U+1F322 (decimal 127778)
   defining Unicode char U+1F323 (decimal 127779)
   defining Unicode char U+1F324 (decimal 127780)
   defining Unicode char U+1F325 (decimal 127781)
   defining Unicode char U+1F326 (decimal 127782)
   defining Unicode char U+1F327 (decimal 127783)
   defining Unicode char U+1F328 (decimal 127784)
   defining Unicode char U+1F329 (decimal 127785)
   defining Unicode char U+1F32A (decimal 127786)
   defining Unicode char U+1F32B (decimal 127787)
   defining Unicode char U+1F32C (decimal 127788)
   defining Unicode char U+1F32D (decimal 127789)
   defining Unicode char U+1F32E (decimal 127790)
   defining Unicode char U+1F32F (decimal 127791)
   defining Unicode char U+1F330 (decimal 127792)
   defining Unicode char U+1F331 (decimal 127793)
   defining Unicode char U+1F332 (decimal 127794)
   defining Unicode char U+1F333 (decimal 127795)
   defining Unicode char U+1F334 (decimal 127796)
   defining Unicode char U+1F335 (decimal 127797)
   defining Unicode char U+1F336 (decimal 127798)
   defining Unicode char U+1F337 (decimal 127799)
   defining Unicode char U+1F338 (decimal 127800)
   defining Unicode char U+1F339 (decimal 127801)
   defining Unicode char U+1F33A (decimal 127802)
   defining Unicode char U+1F33B (decimal 127803)
   defining Unicode char U+1F33C (decimal 127804)
   defining Unicode char U+1F33D (decimal 127805)
   defining Unicode char U+1F33E (decimal 127806)
   defining Unicode char U+1F33F (decimal 127807)
   defining Unicode char U+1F340 (decimal 127808)
   defining Unicode char U+1F341 (decimal 127809)
   defining Unicode char U+1F342 (decimal 127810)
   defining Unicode char U+1F343 (decimal 127811)
   defining Unicode char U+1F344 (decimal 127812)
   defining Unicode char U+1F345 (decimal 127813)
   defining Unicode char U+1F346 (decimal 127814)
   defining Unicode char U+1F347 (decimal 127815)
   defining Unicode char U+1F348 (decimal 127816)
   defining Unicode char U+1F349 (decimal 127817)
   defining Unicode char U+1F34A (decimal 127818)
   defining Unicode char U+1F34B (decimal 127819)
   defining Unicode char U+1F34C (decimal 127820)
   defining Unicode char U+1F34D (decimal 127821)
   defining Unicode char U+1F34E (decimal 127822)
   defining Unicode char U+1F34F (decimal 127823)
   defining Unicode char U+1F350 (decimal 127824)
   defining Unicode char U+1F351 (decimal 127825)
   defining Unicode char U+1F352 (decimal 127826)
   defining Unicode char U+1F353 (decimal 127827)
   defining Unicode char U+1F354 (decimal 127828)
   defining Unicode char U+1F355 (decimal 127829)
   defining Unicode char U+1F356 (decimal 127830)
   defining Unicode char U+1F357 (decimal 127831)
   defining Unicode char U+1F358 (decimal 127832)
   defining Unicode char U+1F359 (decimal 127833)
   defining Unicode char U+1F35A (decimal 127834)
   defining Unicode char U+1F35B (decimal 127835)
   defining Unicode char U+1F35C (decimal 127836)
   defining Unicode char U+1F35D (decimal 127837)
   defining Unicode char U+1F35E (decimal 127838)
   defining Unicode char U+1F35F (decimal 127839)
   defining Unicode char U+1F360 (decimal 127840)
   defining Unicode char U+1F361 (decimal 127841)
   defining Unicode char U+1F362 (decimal 127842)
   defining Unicode char U+1F363 (decimal 127843)
   defining Unicode char U+1F364 (decimal 127844)
   defining Unicode char U+1F365 (decimal 127845)
   defining Unicode char U+1F366 (decimal 127846)
   defining Unicode char U+1F367 (decimal 127847)
   defining Unicode char U+1F368 (decimal 127848)
   defining Unicode char U+1F369 (decimal 127849)
   defining Unicode char U+1F36A (decimal 127850)
   defining Unicode char U+1F36B (decimal 127851)
   defining Unicode char U+1F36C (decimal 127852)
   defining Unicode char U+1F36D (decimal 127853)
   defining Unicode char U+1F36E (decimal 127854)
   defining Unicode char U+1F36F (decimal 127855)
   defining Unicode char U+1F370 (decimal 127856)
   defining Unicode char U+1F371 (decimal 127857)
   defining Unicode char U+1F372 (decimal 127858)
   defining Unicode char U+1F373 (decimal 127859)
   defining Unicode char U+1F374 (decimal 127860)
   defining Unicode char U+1F375 (decimal 127861)
   defining Unicode char U+1F376 (decimal 127862)
   defining Unicode char U+1F377 (decimal 127863)
   defining Unicode char U+1F378 (decimal 127864)
   defining Unicode char U+1F379 (decimal 127865)
   defining Unicode char U+1F37A (decimal 127866)
   defining Unicode char U+1F37B (decimal 127867)
   defining Unicode char U+1F37C (decimal 127868)
   defining Unicode char U+1F37D (decimal 127869)
   defining Unicode char U+1F37E (decimal 127870)
   defining Unicode char U+1F37F (decimal 127871)
   defining Unicode char U+1F380 (decimal 127872)
   defining Unicode char U+1F381 (decimal 127873)
   defining Unicode char U+1F382 (decimal 127874)
   defining Unicode char U+1F383 (decimal 127875)
   defining Unicode char U+1F384 (decimal 127876)
   defining Unicode char U+1F385 (decimal 127877)
   defining Unicode char U+1F386 (decimal 127878)
   defining Unicode char U+1F387 (decimal 127879)
   defining Unicode char U+1F388 (decimal 127880)
   defining Unicode char U+1F389 (decimal 127881)
   defining Unicode char U+1F38A (decimal 127882)
   defining Unicode char U+1F38B (decimal 127883)
   defining Unicode char U+1F38C (decimal 127884)
   defining Unicode char U+1F38D (decimal 127885)
   defining Unicode char U+1F38E (decimal 127886)
   defining Unicode char U+1F38F (decimal 127887)
   defining Unicode char U+1F390 (decimal 127888)
   defining Unicode char U+1F391 (decimal 127889)
   defining Unicode char U+1F392 (decimal 127890)
   defining Unicode char U+1F393 (decimal 127891)
   defining Unicode char U+1F394 (decimal 127892)
   defining Unicode char U+1F395 (decimal 127893)
   defining Unicode char U+1F396 (decimal 127894)
   defining Unicode char U+1F397 (decimal 127895)
   defining Unicode char U+1F398 (decimal 127896)
   defining Unicode char U+1F399 (decimal 127897)
   defining Unicode char U+1F39A (decimal 127898)
   defining Unicode char U+1F39B (decimal 127899)
   defining Unicode char U+1F39C (decimal 127900)
   defining Unicode char U+1F39D (decimal 127901)
   defining Unicode char U+1F39E (decimal 127902)
   defining Unicode char U+1F39F (decimal 127903)
   defining Unicode char U+1F3A0 (decimal 127904)
   defining Unicode char U+1F3A1 (decimal 127905)
   defining Unicode char U+1F3A2 (decimal 127906)
   defining Unicode char U+1F3A3 (decimal 127907)
   defining Unicode char U+1F3A4 (decimal 127908)
   defining Unicode char U+1F3A5 (decimal 127909)
   defining Unicode char U+1F3A6 (decimal 127910)
   defining Unicode char U+1F3A7 (decimal 127911)
   defining Unicode char U+1F3A8 (decimal 127912)
   defining Unicode char U+1F3A9 (decimal 127913)
   defining Unicode char U+1F3AA (decimal 127914)
   defining Unicode char U+1F3AB (decimal 127915)
   defining Unicode char U+1F3AC (decimal 127916)
   defining Unicode char U+1F3AD (decimal 127917)
   defining Unicode char U+1F3AE (decimal 127918)
   defining Unicode char U+1F3AF (decimal 127919)
   defining Unicode char U+1F3B0 (decimal 127920)
   defining Unicode char U+1F3B1 (decimal 127921)
   defining Unicode char U+1F3B2 (decimal 127922)
   defining Unicode char U+1F3B3 (decimal 127923)
   defining Unicode char U+1F3B4 (decimal 127924)
   defining Unicode char U+1F3B5 (decimal 127925)
   defining Unicode char U+1F3B6 (decimal 127926)
   defining Unicode char U+1F3B7 (decimal 127927)
   defining Unicode char U+1F3B8 (decimal 127928)
   defining Unicode char U+1F3B9 (decimal 127929)
   defining Unicode char U+1F3BA (decimal 127930)
   defining Unicode char U+1F3BB (decimal 127931)
   defining Unicode char U+1F3BC (decimal 127932)
   defining Unicode char U+1F3BD (decimal 127933)
   defining Unicode char U+1F3BE (decimal 127934)
   defining Unicode char U+1F3BF (decimal 127935)
   defining Unicode char U+1F3C0 (decimal 127936)
   defining Unicode char U+1F3C1 (decimal 127937)
   defining Unicode char U+1F3C2 (decimal 127938)
   defining Unicode char U+1F3C3 (decimal 127939)
   defining Unicode char U+1F3C4 (decimal 127940)
   defining Unicode char U+1F3C5 (decimal 127941)
   defining Unicode char U+1F3C6 (decimal 127942)
   defining Unicode char U+1F3C7 (decimal 127943)
   defining Unicode char U+1F3C8 (decimal 127944)
   defining Unicode char U+1F3C9 (decimal 127945)
   defining Unicode char U+1F3CA (decimal 127946)
   defining Unicode char U+1F3CB (decimal 127947)
   defining Unicode char U+1F3CC (decimal 127948)
   defining Unicode char U+1F3CD (decimal 127949)
   defining Unicode char U+1F3CE (decimal 127950)
   defining Unicode char U+1F3CF (decimal 127951)
   defining Unicode char U+1F3D0 (decimal 127952)
   defining Unicode char U+1F3D1 (decimal 127953)
   defining Unicode char U+1F3D2 (decimal 127954)
   defining Unicode char U+1F3D3 (decimal 127955)
   defining Unicode char U+1F3D4 (decimal 127956)
   defining Unicode char U+1F3D5 (decimal 127957)
   defining Unicode char U+1F3D6 (decimal 127958)
   defining Unicode char U+1F3D7 (decimal 127959)
   defining Unicode char U+1F3D8 (decimal 127960)
   defining Unicode char U+1F3D9 (decimal 127961)
   defining Unicode char U+1F3DA (decimal 127962)
   defining Unicode char U+1F3DB (decimal 127963)
   defining Unicode char U+1F3DC (decimal 127964)
   defining Unicode char U+1F3DD (decimal 127965)
   defining Unicode char U+1F3DE (decimal 127966)
   defining Unicode char U+1F3DF (decimal 127967)
   defining Unicode char U+1F3E0 (decimal 127968)
   defining Unicode char U+1F3E1 (decimal 127969)
   defining Unicode char U+1F3E2 (decimal 127970)
   defining Unicode char U+1F3E3 (decimal 127971)
   defining Unicode char U+1F3E4 (decimal 127972)
   defining Unicode char U+1F3E5 (decimal 127973)
   defining Unicode char U+1F3E6 (decimal 127974)
   defining Unicode char U+1F3E7 (decimal 127975)
   defining Unicode char U+1F3E8 (decimal 127976)
   defining Unicode char U+1F3E9 (decimal 127977)
   defining Unicode char U+1F3EA (decimal 127978)
   defining Unicode char U+1F3EB (decimal 127979)
   defining Unicode char U+1F3EC (decimal 127980)
   defining Unicode char U+1F3ED (decimal 127981)
   defining Unicode char U+1F3EE (decimal 127982)
   defining Unicode char U+1F3EF (decimal 127983)
   defining Unicode char U+1F3F0 (decimal 127984)
   defining Unicode char U+1F3F1 (decimal 127985)
   defining Unicode char U+1F3F2 (decimal 127986)
   defining Unicode char U+1F3F3 (decimal 127987)
   defining Unicode char U+1F3F4 (decimal 127988)
   defining Unicode char U+1F3F5 (decimal 127989)
   defining Unicode char U+1F3F6 (decimal 127990)
   defining Unicode char U+1F3F7 (decimal 127991)
   defining Unicode char U+1F3F8 (decimal 127992)
   defining Unicode char U+1F3F9 (decimal 127993)
   defining Unicode char U+1F3FA (decimal 127994)
   defining Unicode char U+1F3FB (decimal 127995)
   defining Unicode char U+1F3FC (decimal 127996)
   defining Unicode char U+1F3FD (decimal 127997)
   defining Unicode char U+1F3FE (decimal 127998)
   defining Unicode char U+1F3FF (decimal 127999)
   defining Unicode char U+1F400 (decimal 128000)
   defining Unicode char U+1F401 (decimal 128001)
   defining Unicode char U+1F402 (decimal 128002)
   defining Unicode char U+1F403 (decimal 128003)
   defining Unicode char U+1F404 (decimal 128004)
   defining Unicode char U+1F405 (decimal 128005)
   defining Unicode char U+1F406 (decimal 128006)
   defining Unicode char U+1F407 (decimal 128007)
   defining Unicode char U+1F408 (decimal 128008)
   defining Unicode char U+1F409 (decimal 128009)
   defining Unicode char U+1F40A (decimal 128010)
   defining Unicode char U+1F40B (decimal 128011)
   defining Unicode char U+1F40C (decimal 128012)
   defining Unicode char U+1F40D (decimal 128013)
   defining Unicode char U+1F40E (decimal 128014)
   defining Unicode char U+1F40F (decimal 128015)
   defining Unicode char U+1F410 (decimal 128016)
   defining Unicode char U+1F411 (decimal 128017)
   defining Unicode char U+1F412 (decimal 128018)
   defining Unicode char U+1F413 (decimal 128019)
   defining Unicode char U+1F414 (decimal 128020)
   defining Unicode char U+1F415 (decimal 128021)
   defining Unicode char U+1F416 (decimal 128022)
   defining Unicode char U+1F417 (decimal 128023)
   defining Unicode char U+1F418 (decimal 128024)
   defining Unicode char U+1F419 (decimal 128025)
   defining Unicode char U+1F41A (decimal 128026)
   defining Unicode char U+1F41B (decimal 128027)
   defining Unicode char U+1F41C (decimal 128028)
   defining Unicode char U+1F41D (decimal 128029)
   defining Unicode char U+1F41E (decimal 128030)
   defining Unicode char U+1F41F (decimal 128031)
   defining Unicode char U+1F420 (decimal 128032)
   defining Unicode char U+1F421 (decimal 128033)
   defining Unicode char U+1F422 (decimal 128034)
   defining Unicode char U+1F423 (decimal 128035)
   defining Unicode char U+1F424 (decimal 128036)
   defining Unicode char U+1F425 (decimal 128037)
   defining Unicode char U+1F426 (decimal 128038)
   defining Unicode char U+1F427 (decimal 128039)
   defining Unicode char U+1F428 (decimal 128040)
   defining Unicode char U+1F429 (decimal 128041)
   defining Unicode char U+1F42A (decimal 128042)
   defining Unicode char U+1F42B (decimal 128043)
   defining Unicode char U+1F42C (decimal 128044)
   defining Unicode char U+1F42D (decimal 128045)
   defining Unicode char U+1F42E (decimal 128046)
   defining Unicode char U+1F42F (decimal 128047)
   defining Unicode char U+1F430 (decimal 128048)
   defining Unicode char U+1F431 (decimal 128049)
   defining Unicode char U+1F432 (decimal 128050)
   defining Unicode char U+1F433 (decimal 128051)
   defining Unicode char U+1F434 (decimal 128052)
   defining Unicode char U+1F435 (decimal 128053)
   defining Unicode char U+1F436 (decimal 128054)
   defining Unicode char U+1F437 (decimal 128055)
   defining Unicode char U+1F438 (decimal 128056)
   defining Unicode char U+1F439 (decimal 128057)
   defining Unicode char U+1F43A (decimal 128058)
   defining Unicode char U+1F43B (decimal 128059)
   defining Unicode char U+1F43C (decimal 128060)
   defining Unicode char U+1F43D (decimal 128061)
   defining Unicode char U+1F43E (decimal 128062)
   defining Unicode char U+1F43F (decimal 128063)
   defining Unicode char U+1F440 (decimal 128064)
   defining Unicode char U+1F441 (decimal 128065)
   defining Unicode char U+1F442 (decimal 128066)
   defining Unicode char U+1F443 (decimal 128067)
   defining Unicode char U+1F444 (decimal 128068)
   defining Unicode char U+1F445 (decimal 128069)
   defining Unicode char U+1F446 (decimal 128070)
   defining Unicode char U+1F447 (decimal 128071)
   defining Unicode char U+1F448 (decimal 128072)
   defining Unicode char U+1F449 (decimal 128073)
   defining Unicode char U+1F44A (decimal 128074)
   defining Unicode char U+1F44B (decimal 128075)
   defining Unicode char U+1F44C (decimal 128076)
   defining Unicode char U+1F44D (decimal 128077)
   defining Unicode char U+1F44E (decimal 128078)
   defining Unicode char U+1F44F (decimal 128079)
   defining Unicode char U+1F450 (decimal 128080)
   defining Unicode char U+1F451 (decimal 128081)
   defining Unicode char U+1F452 (decimal 128082)
   defining Unicode char U+1F453 (decimal 128083)
   defining Unicode char U+1F454 (decimal 128084)
   defining Unicode char U+1F455 (decimal 128085)
   defining Unicode char U+1F456 (decimal 128086)
   defining Unicode char U+1F457 (decimal 128087)
   defining Unicode char U+1F458 (decimal 128088)
   defining Unicode char U+1F459 (decimal 128089)
   defining Unicode char U+1F45A (decimal 128090)
   defining Unicode char U+1F45B (decimal 128091)
   defining Unicode char U+1F45C (decimal 128092)
   defining Unicode char U+1F45D (decimal 128093)
   defining Unicode char U+1F45E (decimal 128094)
   defining Unicode char U+1F45F (decimal 128095)
   defining Unicode char U+1F460 (decimal 128096)
   defining Unicode char U+1F461 (decimal 128097)
   defining Unicode char U+1F462 (decimal 128098)
   defining Unicode char U+1F463 (decimal 128099)
   defining Unicode char U+1F464 (decimal 128100)
   defining Unicode char U+1F465 (decimal 128101)
   defining Unicode char U+1F466 (decimal 128102)
   defining Unicode char U+1F467 (decimal 128103)
   defining Unicode char U+1F468 (decimal 128104)
   defining Unicode char U+1F469 (decimal 128105)
   defining Unicode char U+1F46A (decimal 128106)
   defining Unicode char U+1F46B (decimal 128107)
   defining Unicode char U+1F46C (decimal 128108)
   defining Unicode char U+1F46D (decimal 128109)
   defining Unicode char U+1F46E (decimal 128110)
   defining Unicode char U+1F46F (decimal 128111)
   defining Unicode char U+1F470 (decimal 128112)
   defining Unicode char U+1F471 (decimal 128113)
   defining Unicode char U+1F472 (decimal 128114)
   defining Unicode char U+1F473 (decimal 128115)
   defining Unicode char U+1F474 (decimal 128116)
   defining Unicode char U+1F475 (decimal 128117)
   defining Unicode char U+1F476 (decimal 128118)
   defining Unicode char U+1F477 (decimal 128119)
   defining Unicode char U+1F478 (decimal 128120)
   defining Unicode char U+1F479 (decimal 128121)
   defining Unicode char U+1F47A (decimal 128122)
   defining Unicode char U+1F47B (decimal 128123)
   defining Unicode char U+1F47C (decimal 128124)
   defining Unicode char U+1F47D (decimal 128125)
   defining Unicode char U+1F47E (decimal 128126)
   defining Unicode char U+1F47F (decimal 128127)
   defining Unicode char U+1F480 (decimal 128128)
   defining Unicode char U+1F481 (decimal 128129)
   defining Unicode char U+1F482 (decimal 128130)
   defining Unicode char U+1F483 (decimal 128131)
   defining Unicode char U+1F484 (decimal 128132)
   defining Unicode char U+1F485 (decimal 128133)
   defining Unicode char U+1F486 (decimal 128134)
   defining Unicode char U+1F487 (decimal 128135)
   defining Unicode char U+1F488 (decimal 128136)
   defining Unicode char U+1F489 (decimal 128137)
   defining Unicode char U+1F48A (decimal 128138)
   defining Unicode char U+1F48B (decimal 128139)
   defining Unicode char U+1F48C (decimal 128140)
   defining Unicode char U+1F48D (decimal 128141)
   defining Unicode char U+1F48E (decimal 128142)
   defining Unicode char U+1F48F (decimal 128143)
   defining Unicode char U+1F490 (decimal 128144)
   defining Unicode char U+1F491 (decimal 128145)
   defining Unicode char U+1F492 (decimal 128146)
   defining Unicode char U+1F493 (decimal 128147)
   defining Unicode char U+1F494 (decimal 128148)
   defining Unicode char U+1F495 (decimal 128149)
   defining Unicode char U+1F496 (decimal 128150)
   defining Unicode char U+1F497 (decimal 128151)
   defining Unicode char U+1F498 (decimal 128152)
   defining Unicode char U+1F499 (decimal 128153)
   defining Unicode char U+1F49A (decimal 128154)
   defining Unicode char U+1F49B (decimal 128155)
   defining Unicode char U+1F49C (decimal 128156)
   defining Unicode char U+1F49D (decimal 128157)
   defining Unicode char U+1F49E (decimal 128158)
   defining Unicode char U+1F49F (decimal 128159)
   defining Unicode char U+1F4A0 (decimal 128160)
   defining Unicode char U+1F4A1 (decimal 128161)
   defining Unicode char U+1F4A2 (decimal 128162)
   defining Unicode char U+1F4A3 (decimal 128163)
   defining Unicode char U+1F4A4 (decimal 128164)
   defining Unicode char U+1F4A5 (decimal 128165)
   defining Unicode char U+1F4A6 (decimal 128166)
   defining Unicode char U+1F4A7 (decimal 128167)
   defining Unicode char U+1F4A8 (decimal 128168)
   defining Unicode char U+1F4A9 (decimal 128169)
   defining Unicode char U+1F4AA (decimal 128170)
   defining Unicode char U+1F4AB (decimal 128171)
   defining Unicode char U+1F4AC (decimal 128172)
   defining Unicode char U+1F4AD (decimal 128173)
   defining Unicode char U+1F4AE (decimal 128174)
   defining Unicode char U+1F4AF (decimal 128175)
   defining Unicode char U+1F4B0 (decimal 128176)
   defining Unicode char U+1F4B1 (decimal 128177)
   defining Unicode char U+1F4B2 (decimal 128178)
   defining Unicode char U+1F4B3 (decimal 128179)
   defining Unicode char U+1F4B4 (decimal 128180)
   defining Unicode char U+1F4B5 (decimal 128181)
   defining Unicode char U+1F4B6 (decimal 128182)
   defining Unicode char U+1F4B7 (decimal 128183)
   defining Unicode char U+1F4B8 (decimal 128184)
   defining Unicode char U+1F4B9 (decimal 128185)
   defining Unicode char U+1F4BA (decimal 128186)
   defining Unicode char U+1F4BB (decimal 128187)
   defining Unicode char U+1F4BC (decimal 128188)
   defining Unicode char U+1F4BD (decimal 128189)
   defining Unicode char U+1F4BE (decimal 128190)
   defining Unicode char U+1F4BF (decimal 128191)
   defining Unicode char U+1F4C0 (decimal 128192)
   defining Unicode char U+1F4C1 (decimal 128193)
   defining Unicode char U+1F4C2 (decimal 128194)
   defining Unicode char U+1F4C3 (decimal 128195)
   defining Unicode char U+1F4C4 (decimal 128196)
   defining Unicode char U+1F4C5 (decimal 128197)
   defining Unicode char U+1F4C6 (decimal 128198)
   defining Unicode char U+1F4C7 (decimal 128199)
   defining Unicode char U+1F4C8 (decimal 128200)
   defining Unicode char U+1F4C9 (decimal 128201)
   defining Unicode char U+1F4CA (decimal 128202)
   defining Unicode char U+1F4CB (decimal 128203)
   defining Unicode char U+1F4CC (decimal 128204)
   defining Unicode char U+1F4CD (decimal 128205)
   defining Unicode char U+1F4CE (decimal 128206)
   defining Unicode char U+1F4CF (decimal 128207)
   defining Unicode char U+1F4D0 (decimal 128208)
   defining Unicode char U+1F4D1 (decimal 128209)
   defining Unicode char U+1F4D2 (decimal 128210)
   defining Unicode char U+1F4D3 (decimal 128211)
   defining Unicode char U+1F4D4 (decimal 128212)
   defining Unicode char U+1F4D5 (decimal 128213)
   defining Unicode char U+1F4D6 (decimal 128214)
   defining Unicode char U+1F4D7 (decimal 128215)
   defining Unicode char U+1F4D8 (decimal 128216)
   defining Unicode char U+1F4D9 (decimal 128217)
   defining Unicode char U+1F4DA (decimal 128218)
   defining Unicode char U+1F4DB (decimal 128219)
   defining Unicode char U+1F4DC (decimal 128220)
   defining Unicode char U+1F4DD (decimal 128221)
   defining Unicode char U+1F4DE (decimal 128222)
   defining Unicode char U+1F4DF (decimal 128223)
   defining Unicode char U+1F4E0 (decimal 128224)
   defining Unicode char U+1F4E1 (decimal 128225)
   defining Unicode char U+1F4E2 (decimal 128226)
   defining Unicode char U+1F4E3 (decimal 128227)
   defining Unicode char U+1F4E4 (decimal 128228)
   defining Unicode char U+1F4E5 (decimal 128229)
   defining Unicode char U+1F4E6 (decimal 128230)
   defining Unicode char U+1F4E7 (decimal 128231)
   defining Unicode char U+1F4E8 (decimal 128232)
   defining Unicode char U+1F4E9 (decimal 128233)
   defining Unicode char U+1F4EA (decimal 128234)
   defining Unicode char U+1F4EB (decimal 128235)
   defining Unicode char U+1F4EC (decimal 128236)
   defining Unicode char U+1F4ED (decimal 128237)
   defining Unicode char U+1F4EE (decimal 128238)
   defining Unicode char U+1F4EF (decimal 128239)
   defining Unicode char U+1F4F0 (decimal 128240)
   defining Unicode char U+1F4F1 (decimal 128241)
   defining Unicode char U+1F4F2 (decimal 128242)
   defining Unicode char U+1F4F3 (decimal 128243)
   defining Unicode char U+1F4F4 (decimal 128244)
   defining Unicode char U+1F4F5 (decimal 128245)
   defining Unicode char U+1F4F6 (decimal 128246)
   defining Unicode char U+1F4F7 (decimal 128247)
   defining Unicode char U+1F4F8 (decimal 128248)
   defining Unicode char U+1F4F9 (decimal 128249)
   defining Unicode char U+1F4FA (decimal 128250)
   defining Unicode char U+1F4FB (decimal 128251)
   defining Unicode char U+1F4FC (decimal 128252)
   defining Unicode char U+1F4FD (decimal 128253)
   defining Unicode char U+1F4FE (decimal 128254)
   defining Unicode char U+1F4FF (decimal 128255)
   defining Unicode char U+1F500 (decimal 128256)
   defining Unicode char U+1F501 (decimal 128257)
   defining Unicode char U+1F502 (decimal 128258)
   defining Unicode char U+1F503 (decimal 128259)
   defining Unicode char U+1F504 (decimal 128260)
   defining Unicode char U+1F505 (decimal 128261)
   defining Unicode char U+1F506 (decimal 128262)
   defining Unicode char U+1F507 (decimal 128263)
   defining Unicode char U+1F508 (decimal 128264)
   defining Unicode char U+1F509 (decimal 128265)
   defining Unicode char U+1F50A (decimal 128266)
   defining Unicode char U+1F50B (decimal 128267)
   defining Unicode char U+1F50C (decimal 128268)
   defining Unicode char U+1F50D (decimal 128269)
   defining Unicode char U+1F50E (decimal 128270)
   defining Unicode char U+1F50F (decimal 128271)
   defining Unicode char U+1F510 (decimal 128272)
   defining Unicode char U+1F511 (decimal 128273)
   defining Unicode char U+1F512 (decimal 128274)
   defining Unicode char U+1F513 (decimal 128275)
   defining Unicode char U+1F514 (decimal 128276)
   defining Unicode char U+1F515 (decimal 128277)
   defining Unicode char U+1F516 (decimal 128278)
   defining Unicode char U+1F517 (decimal 128279)
   defining Unicode char U+1F518 (decimal 128280)
   defining Unicode char U+1F519 (decimal 128281)
   defining Unicode char U+1F51A (decimal 128282)
   defining Unicode char U+1F51B (decimal 128283)
   defining Unicode char U+1F51C (decimal 128284)
   defining Unicode char U+1F51D (decimal 128285)
   defining Unicode char U+1F51E (decimal 128286)
   defining Unicode char U+1F51F (decimal 128287)
   defining Unicode char U+1F520 (decimal 128288)
   defining Unicode char U+1F521 (decimal 128289)
   defining Unicode char U+1F522 (decimal 128290)
   defining Unicode char U+1F523 (decimal 128291)
   defining Unicode char U+1F524 (decimal 128292)
   defining Unicode char U+1F525 (decimal 128293)
   defining Unicode char U+1F526 (decimal 128294)
   defining Unicode char U+1F527 (decimal 128295)
   defining Unicode char U+1F528 (decimal 128296)
   defining Unicode char U+1F529 (decimal 128297)
   defining Unicode char U+1F52A (decimal 128298)
   defining Unicode char U+1F52B (decimal 128299)
   defining Unicode char U+1F52C (decimal 128300)
   defining Unicode char U+1F52D (decimal 128301)
   defining Unicode char U+1F52E (decimal 128302)
   defining Unicode char U+1F52F (decimal 128303)
   defining Unicode char U+1F530 (decimal 128304)
   defining Unicode char U+1F531 (decimal 128305)
   defining Unicode char U+1F532 (decimal 128306)
   defining Unicode char U+1F533 (decimal 128307)
   defining Unicode char U+1F534 (decimal 128308)
   defining Unicode char U+1F535 (decimal 128309)
   defining Unicode char U+1F536 (decimal 128310)
   defining Unicode char U+1F537 (decimal 128311)
   defining Unicode char U+1F538 (decimal 128312)
   defining Unicode char U+1F539 (decimal 128313)
   defining Unicode char U+1F53A (decimal 128314)
   defining Unicode char U+1F53B (decimal 128315)
   defining Unicode char U+1F53C (decimal 128316)
   defining Unicode char U+1F53D (decimal 128317)
   defining Unicode char U+1F53E (decimal 128318)
   defining Unicode char U+1F53F (decimal 128319)
   defining Unicode char U+1F540 (decimal 128320)
   defining Unicode char U+1F541 (decimal 128321)
   defining Unicode char U+1F542 (decimal 128322)
   defining Unicode char U+1F543 (decimal 128323)
   defining Unicode char U+1F544 (decimal 128324)
   defining Unicode char U+1F545 (decimal 128325)
   defining Unicode char U+1F546 (decimal 128326)
   defining Unicode char U+1F547 (decimal 128327)
   defining Unicode char U+1F548 (decimal 128328)
   defining Unicode char U+1F549 (decimal 128329)
   defining Unicode char U+1F54A (decimal 128330)
   defining Unicode char U+1F54B (decimal 128331)
   defining Unicode char U+1F54C (decimal 128332)
   defining Unicode char U+1F54D (decimal 128333)
   defining Unicode char U+1F54E (decimal 128334)
   defining Unicode char U+1F54F (decimal 128335)
   defining Unicode char U+1F550 (decimal 128336)
   defining Unicode char U+1F551 (decimal 128337)
   defining Unicode char U+1F552 (decimal 128338)
   defining Unicode char U+1F553 (decimal 128339)
   defining Unicode char U+1F554 (decimal 128340)
   defining Unicode char U+1F555 (decimal 128341)
   defining Unicode char U+1F556 (decimal 128342)
   defining Unicode char U+1F557 (decimal 128343)
   defining Unicode char U+1F558 (decimal 128344)
   defining Unicode char U+1F559 (decimal 128345)
   defining Unicode char U+1F55A (decimal 128346)
   defining Unicode char U+1F55B (decimal 128347)
   defining Unicode char U+1F55C (decimal 128348)
   defining Unicode char U+1F55D (decimal 128349)
   defining Unicode char U+1F55E (decimal 128350)
   defining Unicode char U+1F55F (decimal 128351)
   defining Unicode char U+1F560 (decimal 128352)
   defining Unicode char U+1F561 (decimal 128353)
   defining Unicode char U+1F562 (decimal 128354)
   defining Unicode char U+1F563 (decimal 128355)
   defining Unicode char U+1F564 (decimal 128356)
   defining Unicode char U+1F565 (decimal 128357)
   defining Unicode char U+1F566 (decimal 128358)
   defining Unicode char U+1F567 (decimal 128359)
   defining Unicode char U+1F568 (decimal 128360)
   defining Unicode char U+1F569 (decimal 128361)
   defining Unicode char U+1F56A (decimal 128362)
   defining Unicode char U+1F56B (decimal 128363)
   defining Unicode char U+1F56C (decimal 128364)
   defining Unicode char U+1F56D (decimal 128365)
   defining Unicode char U+1F56E (decimal 128366)
   defining Unicode char U+1F56F (decimal 128367)
   defining Unicode char U+1F570 (decimal 128368)
   defining Unicode char U+1F571 (decimal 128369)
   defining Unicode char U+1F572 (decimal 128370)
   defining Unicode char U+1F573 (decimal 128371)
   defining Unicode char U+1F574 (decimal 128372)
   defining Unicode char U+1F575 (decimal 128373)
   defining Unicode char U+1F576 (decimal 128374)
   defining Unicode char U+1F577 (decimal 128375)
   defining Unicode char U+1F578 (decimal 128376)
   defining Unicode char U+1F579 (decimal 128377)
   defining Unicode char U+1F57A (decimal 128378)
   defining Unicode char U+1F57B (decimal 128379)
   defining Unicode char U+1F57C (decimal 128380)
   defining Unicode char U+1F57D (decimal 128381)
   defining Unicode char U+1F57E (decimal 128382)
   defining Unicode char U+1F57F (decimal 128383)
   defining Unicode char U+1F580 (decimal 128384)
   defining Unicode char U+1F581 (decimal 128385)
   defining Unicode char U+1F582 (decimal 128386)
   defining Unicode char U+1F583 (decimal 128387)
   defining Unicode char U+1F584 (decimal 128388)
   defining Unicode char U+1F585 (decimal 128389)
   defining Unicode char U+1F586 (decimal 128390)
   defining Unicode char U+1F587 (decimal 128391)
   defining Unicode char U+1F588 (decimal 128392)
   defining Unicode char U+1F589 (decimal 128393)
   defining Unicode char U+1F58A (decimal 128394)
   defining Unicode char U+1F58B (decimal 128395)
   defining Unicode char U+1F58C (decimal 128396)
   defining Unicode char U+1F58D (decimal 128397)
   defining Unicode char U+1F58E (decimal 128398)
   defining Unicode char U+1F58F (decimal 128399)
   defining Unicode char U+1F590 (decimal 128400)
   defining Unicode char U+1F591 (decimal 128401)
   defining Unicode char U+1F592 (decimal 128402)
   defining Unicode char U+1F593 (decimal 128403)
   defining Unicode char U+1F594 (decimal 128404)
   defining Unicode char U+1F595 (decimal 128405)
   defining Unicode char U+1F596 (decimal 128406)
   defining Unicode char U+1F597 (decimal 128407)
   defining Unicode char U+1F598 (decimal 128408)
   defining Unicode char U+1F599 (decimal 128409)
   defining Unicode char U+1F59A (decimal 128410)
   defining Unicode char U+1F59B (decimal 128411)
   defining Unicode char U+1F59C (decimal 128412)
   defining Unicode char U+1F59D (decimal 128413)
   defining Unicode char U+1F59E (decimal 128414)
   defining Unicode char U+1F59F (decimal 128415)
   defining Unicode char U+1F5A0 (decimal 128416)
   defining Unicode char U+1F5A1 (decimal 128417)
   defining Unicode char U+1F5A2 (decimal 128418)
   defining Unicode char U+1F5A3 (decimal 128419)
   defining Unicode char U+1F5A4 (decimal 128420)
   defining Unicode char U+1F5A5 (decimal 128421)
   defining Unicode char U+1F5A6 (decimal 128422)
   defining Unicode char U+1F5A7 (decimal 128423)
   defining Unicode char U+1F5A8 (decimal 128424)
   defining Unicode char U+1F5A9 (decimal 128425)
   defining Unicode char U+1F5AA (decimal 128426)
   defining Unicode char U+1F5AB (decimal 128427)
   defining Unicode char U+1F5AC (decimal 128428)
   defining Unicode char U+1F5AD (decimal 128429)
   defining Unicode char U+1F5AE (decimal 128430)
   defining Unicode char U+1F5AF (decimal 128431)
   defining Unicode char U+1F5B0 (decimal 128432)
   defining Unicode char U+1F5B1 (decimal 128433)
   defining Unicode char U+1F5B2 (decimal 128434)
   defining Unicode char U+1F5B3 (decimal 128435)
   defining Unicode char U+1F5B4 (decimal 128436)
   defining Unicode char U+1F5B5 (decimal 128437)
   defining Unicode char U+1F5B6 (decimal 128438)
   defining Unicode char U+1F5B7 (decimal 128439)
   defining Unicode char U+1F5B8 (decimal 128440)
   defining Unicode char U+1F5B9 (decimal 128441)
   defining Unicode char U+1F5BA (decimal 128442)
   defining Unicode char U+1F5BB (decimal 128443)
   defining Unicode char U+1F5BC (decimal 128444)
   defining Unicode char U+1F5BD (decimal 128445)
   defining Unicode char U+1F5BE (decimal 128446)
   defining Unicode char U+1F5BF (decimal 128447)
   defining Unicode char U+1F5C0 (decimal 128448)
   defining Unicode char U+1F5C1 (decimal 128449)
   defining Unicode char U+1F5C2 (decimal 128450)
   defining Unicode char U+1F5C3 (decimal 128451)
   defining Unicode char U+1F5C4 (decimal 128452)
   defining Unicode char U+1F5C5 (decimal 128453)
   defining Unicode char U+1F5C6 (decimal 128454)
   defining Unicode char U+1F5C7 (decimal 128455)
   defining Unicode char U+1F5C8 (decimal 128456)
   defining Unicode char U+1F5C9 (decimal 128457)
   defining Unicode char U+1F5CA (decimal 128458)
   defining Unicode char U+1F5CB (decimal 128459)
   defining Unicode char U+1F5CC (decimal 128460)
   defining Unicode char U+1F5CD (decimal 128461)
   defining Unicode char U+1F5CE (decimal 128462)
   defining Unicode char U+1F5CF (decimal 128463)
   defining Unicode char U+1F5D0 (decimal 128464)
   defining Unicode char U+1F5D1 (decimal 128465)
   defining Unicode char U+1F5D2 (decimal 128466)
   defining Unicode char U+1F5D3 (decimal 128467)
   defining Unicode char U+1F5D4 (decimal 128468)
   defining Unicode char U+1F5D5 (decimal 128469)
   defining Unicode char U+1F5D6 (decimal 128470)
   defining Unicode char U+1F5D7 (decimal 128471)
   defining Unicode char U+1F5D8 (decimal 128472)
   defining Unicode char U+1F5D9 (decimal 128473)
   defining Unicode char U+1F5DA (decimal 128474)
   defining Unicode char U+1F5DB (decimal 128475)
   defining Unicode char U+1F5DC (decimal 128476)
   defining Unicode char U+1F5DD (decimal 128477)
   defining Unicode char U+1F5DE (decimal 128478)
   defining Unicode char U+1F5DF (decimal 128479)
   defining Unicode char U+1F5E0 (decimal 128480)
   defining Unicode char U+1F5E1 (decimal 128481)
   defining Unicode char U+1F5E2 (decimal 128482)
   defining Unicode char U+1F5E3 (decimal 128483)
   defining Unicode char U+1F5E4 (decimal 128484)
   defining Unicode char U+1F5E5 (decimal 128485)
   defining Unicode char U+1F5E6 (decimal 128486)
   defining Unicode char U+1F5E7 (decimal 128487)
   defining Unicode char U+1F5E8 (decimal 128488)
   defining Unicode char U+1F5E9 (decimal 128489)
   defining Unicode char U+1F5EA (decimal 128490)
   defining Unicode char U+1F5EB (decimal 128491)
   defining Unicode char U+1F5EC (decimal 128492)
   defining Unicode char U+1F5ED (decimal 128493)
   defining Unicode char U+1F5EE (decimal 128494)
   defining Unicode char U+1F5EF (decimal 128495)
   defining Unicode char U+1F5F0 (decimal 128496)
   defining Unicode char U+1F5F1 (decimal 128497)
   defining Unicode char U+1F5F2 (decimal 128498)
   defining Unicode char U+1F5F3 (decimal 128499)
   defining Unicode char U+1F5F4 (decimal 128500)
   defining Unicode char U+1F5F5 (decimal 128501)
   defining Unicode char U+1F5F6 (decimal 128502)
   defining Unicode char U+1F5F7 (decimal 128503)
   defining Unicode char U+1F5F8 (decimal 128504)
   defining Unicode char U+1F5F9 (decimal 128505)
   defining Unicode char U+1F5FA (decimal 128506)
   defining Unicode char U+1F5FB (decimal 128507)
   defining Unicode char U+1F5FC (decimal 128508)
   defining Unicode char U+1F5FD (decimal 128509)
   defining Unicode char U+1F5FE (decimal 128510)
   defining Unicode char U+1F5FF (decimal 128511)
   defining Unicode char U+1F600 (decimal 128512)
   defining Unicode char U+1F601 (decimal 128513)
   defining Unicode char U+1F602 (decimal 128514)
   defining Unicode char U+1F603 (decimal 128515)
   defining Unicode char U+1F604 (decimal 128516)
   defining Unicode char U+1F605 (decimal 128517)
   defining Unicode char U+1F606 (decimal 128518)
   defining Unicode char U+1F607 (decimal 128519)
   defining Unicode char U+1F608 (decimal 128520)
   defining Unicode char U+1F609 (decimal 128521)
   defining Unicode char U+1F60A (decimal 128522)
   defining Unicode char U+1F60B (decimal 128523)
   defining Unicode char U+1F60C (decimal 128524)
   defining Unicode char U+1F60D (decimal 128525)
   defining Unicode char U+1F60E (decimal 128526)
   defining Unicode char U+1F60F (decimal 128527)
   defining Unicode char U+1F610 (decimal 128528)
   defining Unicode char U+1F611 (decimal 128529)
   defining Unicode char U+1F612 (decimal 128530)
   defining Unicode char U+1F613 (decimal 128531)
   defining Unicode char U+1F614 (decimal 128532)
   defining Unicode char U+1F615 (decimal 128533)
   defining Unicode char U+1F616 (decimal 128534)
   defining Unicode char U+1F617 (decimal 128535)
   defining Unicode char U+1F618 (decimal 128536)
   defining Unicode char U+1F619 (decimal 128537)
   defining Unicode char U+1F61A (decimal 128538)
   defining Unicode char U+1F61B (decimal 128539)
   defining Unicode char U+1F61C (decimal 128540)
   defining Unicode char U+1F61D (decimal 128541)
   defining Unicode char U+1F61E (decimal 128542)
   defining Unicode char U+1F61F (decimal 128543)
   defining Unicode char U+1F620 (decimal 128544)
   defining Unicode char U+1F621 (decimal 128545)
   defining Unicode char U+1F622 (decimal 128546)
   defining Unicode char U+1F623 (decimal 128547)
   defining Unicode char U+1F624 (decimal 128548)
   defining Unicode char U+1F625 (decimal 128549)
   defining Unicode char U+1F626 (decimal 128550)
   defining Unicode char U+1F627 (decimal 128551)
   defining Unicode char U+1F628 (decimal 128552)
   defining Unicode char U+1F629 (decimal 128553)
   defining Unicode char U+1F62A (decimal 128554)
   defining Unicode char U+1F62B (decimal 128555)
   defining Unicode char U+1F62C (decimal 128556)
   defining Unicode char U+1F62D (decimal 128557)
   defining Unicode char U+1F62E (decimal 128558)
   defining Unicode char U+1F62F (decimal 128559)
   defining Unicode char U+1F630 (decimal 128560)
   defining Unicode char U+1F631 (decimal 128561)
   defining Unicode char U+1F632 (decimal 128562)
   defining Unicode char U+1F633 (decimal 128563)
   defining Unicode char U+1F634 (decimal 128564)
   defining Unicode char U+1F635 (decimal 128565)
   defining Unicode char U+1F636 (decimal 128566)
   defining Unicode char U+1F637 (decimal 128567)
   defining Unicode char U+1F638 (decimal 128568)
   defining Unicode char U+1F639 (decimal 128569)
   defining Unicode char U+1F63A (decimal 128570)
   defining Unicode char U+1F63B (decimal 128571)
   defining Unicode char U+1F63C (decimal 128572)
   defining Unicode char U+1F63D (decimal 128573)
   defining Unicode char U+1F63E (decimal 128574)
   defining Unicode char U+1F63F (decimal 128575)
   defining Unicode char U+1F640 (decimal 128576)
   defining Unicode char U+1F641 (decimal 128577)
   defining Unicode char U+1F642 (decimal 128578)
   defining Unicode char U+1F643 (decimal 128579)
   defining Unicode char U+1F644 (decimal 128580)
   defining Unicode char U+1F645 (decimal 128581)
   defining Unicode char U+1F646 (decimal 128582)
   defining Unicode char U+1F647 (decimal 128583)
   defining Unicode char U+1F648 (decimal 128584)
   defining Unicode char U+1F649 (decimal 128585)
   defining Unicode char U+1F64A (decimal 128586)
   defining Unicode char U+1F64B (decimal 128587)
   defining Unicode char U+1F64C (decimal 128588)
   defining Unicode char U+1F64D (decimal 128589)
   defining Unicode char U+1F64E (decimal 128590)
   defining Unicode char U+1F64F (decimal 128591)
   defining Unicode char U+1F650 (decimal 128592)
   defining Unicode char U+1F651 (decimal 128593)
   defining Unicode char U+1F652 (decimal 128594)
   defining Unicode char U+1F653 (decimal 128595)
   defining Unicode char U+1F654 (decimal 128596)
   defining Unicode char U+1F655 (decimal 128597)
   defining Unicode char U+1F656 (decimal 128598)
   defining Unicode char U+1F657 (decimal 128599)
   defining Unicode char U+1F658 (decimal 128600)
   defining Unicode char U+1F659 (decimal 128601)
   defining Unicode char U+1F65A (decimal 128602)
   defining Unicode char U+1F65B (decimal 128603)
   defining Unicode char U+1F65C (decimal 128604)
   defining Unicode char U+1F65D (decimal 128605)
   defining Unicode char U+1F65E (decimal 128606)
   defining Unicode char U+1F65F (decimal 128607)
   defining Unicode char U+1F660 (decimal 128608)
   defining Unicode char U+1F661 (decimal 128609)
   defining Unicode char U+1F662 (decimal 128610)
   defining Unicode char U+1F663 (decimal 128611)
   defining Unicode char U+1F664 (decimal 128612)
   defining Unicode char U+1F665 (decimal 128613)
   defining Unicode char U+1F666 (decimal 128614)
   defining Unicode char U+1F667 (decimal 128615)
   defining Unicode char U+1F668 (decimal 128616)
   defining Unicode char U+1F669 (decimal 128617)
   defining Unicode char U+1F66A (decimal 128618)
   defining Unicode char U+1F66B (decimal 128619)
   defining Unicode char U+1F66C (decimal 128620)
   defining Unicode char U+1F66D (decimal 128621)
   defining Unicode char U+1F66E (decimal 128622)
   defining Unicode char U+1F66F (decimal 128623)
   defining Unicode char U+1F670 (decimal 128624)
   defining Unicode char U+1F671 (decimal 128625)
   defining Unicode char U+1F672 (decimal 128626)
   defining Unicode char U+1F673 (decimal 128627)
   defining Unicode char U+1F674 (decimal 128628)
   defining Unicode char U+1F675 (decimal 128629)
   defining Unicode char U+1F676 (decimal 128630)
   defining Unicode char U+1F677 (decimal 128631)
   defining Unicode char U+1F678 (decimal 128632)
   defining Unicode char U+1F679 (decimal 128633)
   defining Unicode char U+1F67A (decimal 128634)
   defining Unicode char U+1F67B (decimal 128635)
   defining Unicode char U+1F67C (decimal 128636)
   defining Unicode char U+1F67D (decimal 128637)
   defining Unicode char U+1F67E (decimal 128638)
   defining Unicode char U+1F67F (decimal 128639)
   defining Unicode char U+1F680 (decimal 128640)
   defining Unicode char U+1F681 (decimal 128641)
   defining Unicode char U+1F682 (decimal 128642)
   defining Unicode char U+1F683 (decimal 128643)
   defining Unicode char U+1F684 (decimal 128644)
   defining Unicode char U+1F685 (decimal 128645)
   defining Unicode char U+1F686 (decimal 128646)
   defining Unicode char U+1F687 (decimal 128647)
   defining Unicode char U+1F688 (decimal 128648)
   defining Unicode char U+1F689 (decimal 128649)
   defining Unicode char U+1F68A (decimal 128650)
   defining Unicode char U+1F68B (decimal 128651)
   defining Unicode char U+1F68C (decimal 128652)
   defining Unicode char U+1F68D (decimal 128653)
   defining Unicode char U+1F68E (decimal 128654)
   defining Unicode char U+1F68F (decimal 128655)
   defining Unicode char U+1F690 (decimal 128656)
   defining Unicode char U+1F691 (decimal 128657)
   defining Unicode char U+1F692 (decimal 128658)
   defining Unicode char U+1F693 (decimal 128659)
   defining Unicode char U+1F694 (decimal 128660)
   defining Unicode char U+1F695 (decimal 128661)
   defining Unicode char U+1F696 (decimal 128662)
   defining Unicode char U+1F697 (decimal 128663)
   defining Unicode char U+1F698 (decimal 128664)
   defining Unicode char U+1F699 (decimal 128665)
   defining Unicode char U+1F69A (decimal 128666)
   defining Unicode char U+1F69B (decimal 128667)
   defining Unicode char U+1F69C (decimal 128668)
   defining Unicode char U+1F69D (decimal 128669)
   defining Unicode char U+1F69E (decimal 128670)
   defining Unicode char U+1F69F (decimal 128671)
   defining Unicode char U+1F6A0 (decimal 128672)
   defining Unicode char U+1F6A1 (decimal 128673)
   defining Unicode char U+1F6A2 (decimal 128674)
   defining Unicode char U+1F6A3 (decimal 128675)
   defining Unicode char U+1F6A4 (decimal 128676)
   defining Unicode char U+1F6A5 (decimal 128677)
   defining Unicode char U+1F6A6 (decimal 128678)
   defining Unicode char U+1F6A7 (decimal 128679)
   defining Unicode char U+1F6A8 (decimal 128680)
   defining Unicode char U+1F6A9 (decimal 128681)
   defining Unicode char U+1F6AA (decimal 128682)
   defining Unicode char U+1F6AB (decimal 128683)
   defining Unicode char U+1F6AC (decimal 128684)
   defining Unicode char U+1F6AD (decimal 128685)
   defining Unicode char U+1F6AE (decimal 128686)
   defining Unicode char U+1F6AF (decimal 128687)
   defining Unicode char U+1F6B0 (decimal 128688)
   defining Unicode char U+1F6B1 (decimal 128689)
   defining Unicode char U+1F6B2 (decimal 128690)
   defining Unicode char U+1F6B3 (decimal 128691)
   defining Unicode char U+1F6B4 (decimal 128692)
   defining Unicode char U+1F6B5 (decimal 128693)
   defining Unicode char U+1F6B6 (decimal 128694)
   defining Unicode char U+1F6B7 (decimal 128695)
   defining Unicode char U+1F6B8 (decimal 128696)
   defining Unicode char U+1F6B9 (decimal 128697)
   defining Unicode char U+1F6BA (decimal 128698)
   defining Unicode char U+1F6BB (decimal 128699)
   defining Unicode char U+1F6BC (decimal 128700)
   defining Unicode char U+1F6BD (decimal 128701)
   defining Unicode char U+1F6BE (decimal 128702)
   defining Unicode char U+1F6BF (decimal 128703)
   defining Unicode char U+1F6C0 (decimal 128704)
   defining Unicode char U+1F6C1 (decimal 128705)
   defining Unicode char U+1F6C2 (decimal 128706)
   defining Unicode char U+1F6C3 (decimal 128707)
   defining Unicode char U+1F6C4 (decimal 128708)
   defining Unicode char U+1F6C5 (decimal 128709)
   defining Unicode char U+1F6C6 (decimal 128710)
   defining Unicode char U+1F6C7 (decimal 128711)
   defining Unicode char U+1F6C8 (decimal 128712)
   defining Unicode char U+1F6C9 (decimal 128713)
   defining Unicode char U+1F6CA (decimal 128714)
   defining Unicode char U+1F6CB (decimal 128715)
   defining Unicode char U+1F6CC (decimal 128716)
   defining Unicode char U+1F6CD (decimal 128717)
   defining Unicode char U+1F6CE (decimal 128718)
   defining Unicode char U+1F6CF (decimal 128719)
   defining Unicode char U+1F6D0 (decimal 128720)
   defining Unicode char U+1F6D1 (decimal 128721)
   defining Unicode char U+1F6D2 (decimal 128722)
   defining Unicode char U+1F6D3 (decimal 128723)
   defining Unicode char U+1F6D4 (decimal 128724)
   defining Unicode char U+1F6D5 (decimal 128725)
   defining Unicode char U+1F6D6 (decimal 128726)
   defining Unicode char U+1F6D7 (decimal 128727)
   defining Unicode char U+1F6D8 (decimal 128728)
   defining Unicode char U+1F6D9 (decimal 128729)
   defining Unicode char U+1F6DA (decimal 128730)
   defining Unicode char U+1F6DB (decimal 128731)
   defining Unicode char U+1F6DC (decimal 128732)
   defining Unicode char U+1F6DD (decimal 128733)
   defining Unicode char U+1F6DE (decimal 128734)
   defining Unicode char U+1F6DF (decimal 128735)
   defining Unicode char U+1F6E0 (decimal 128736)
   defining Unicode char U+1F6E1 (decimal 128737)
   defining Unicode char U+1F6E2 (decimal 128738)
   defining Unicode char U+1F6E3 (decimal 128739)
   defining Unicode char U+1F6E4 (decimal 128740)
   defining Unicode char U+1F6E5 (decimal 128741)
   defining Unicode char U+1F6E6 (decimal 128742)
   defining Unicode char U+1F6E7 (decimal 128743)
   defining Unicode char U+1F6E8 (decimal 128744)
   defining Unicode char U+1F6E9 (decimal 128745)
   defining Unicode char U+1F6EA (decimal 128746)
   defining Unicode char U+1F6EB (decimal 128747)
   defining Unicode char U+1F6EC (decimal 128748)
   defining Unicode char U+1F6ED (decimal 128749)
   defining Unicode char U+1F6EE (decimal 128750)
   defining Unicode char U+1F6EF (decimal 128751)
   defining Unicode char U+1F6F0 (decimal 128752)
   defining Unicode char U+1F6F1 (decimal 128753)
   defining Unicode char U+1F6F2 (decimal 128754)
   defining Unicode char U+1F6F3 (decimal 128755)
   defining Unicode char U+1F6F4 (decimal 128756)
   defining Unicode char U+1F6F5 (decimal 128757)
   defining Unicode char U+1F6F6 (decimal 128758)
   defining Unicode char U+1F6F7 (decimal 128759)
   defining Unicode char U+1F6F8 (decimal 128760)
   defining Unicode char U+1F6F9 (decimal 128761)
   defining Unicode char U+1F6FA (decimal 128762)
   defining Unicode char U+1F6FB (decimal 128763)
   defining Unicode char U+1F6FC (decimal 128764)
   defining Unicode char U+1F6FD (decimal 128765)
   defining Unicode char U+1F6FE (decimal 128766)
   defining Unicode char U+1F6FF (decimal 128767)
   defining Unicode char U+2600 (decimal 9728)
   defining Unicode char U+2601 (decimal 9729)
   defining Unicode char U+2602 (decimal 9730)
   defining Unicode char U+2603 (decimal 9731)
   defining Unicode char U+2604 (decimal 9732)
   defining Unicode char U+2605 (decimal 9733)
   defining Unicode char U+2606 (decimal 9734)
   defining Unicode char U+2607 (decimal 9735)
   defining Unicode char U+2608 (decimal 9736)
   defining Unicode char U+2609 (decimal 9737)
   defining Unicode char U+260A (decimal 9738)
   defining Unicode char U+260B (decimal 9739)
   defining Unicode char U+260C (decimal 9740)
   defining Unicode char U+260D (decimal 9741)
   defining Unicode char U+260E (decimal 9742)
   defining Unicode char U+260F (decimal 9743)
   defining Unicode char U+2610 (decimal 9744)
   defining Unicode char U+2611 (decimal 9745)
   defining Unicode char U+2612 (decimal 9746)
   defining Unicode char U+2613 (decimal 9747)
   defining Unicode char U+2614 (decimal 9748)
   defining Unicode char U+2615 (decimal 9749)
   defining Unicode char U+2616 (decimal 9750)
   defining Unicode char U+2617 (decimal 9751)
   defining Unicode char U+2618 (decimal 9752)
   defining Unicode char U+2619 (decimal 9753)
   defining Unicode char U+261A (decimal 9754)
   defining Unicode char U+261B (decimal 9755)
   defining Unicode char U+261C (decimal 9756)
   defining Unicode char U+261D (decimal 9757)
   defining Unicode char U+261E (decimal 9758)
   defining Unicode char U+261F (decimal 9759)
   defining Unicode char U+2620 (decimal 9760)
   defining Unicode char U+2621 (decimal 9761)
   defining Unicode char U+2622 (decimal 9762)
   defining Unicode char U+2623 (decimal 9763)
   defining Unicode char U+2624 (decimal 9764)
   defining Unicode char U+2625 (decimal 9765)
   defining Unicode char U+2626 (decimal 9766)
   defining Unicode char U+2627 (decimal 9767)
   defining Unicode char U+2628 (decimal 9768)
   defining Unicode char U+2629 (decimal 9769)
   defining Unicode char U+262A (decimal 9770)
   defining Unicode char U+262B (decimal 9771)
   defining Unicode char U+262C (decimal 9772)
   defining Unicode char U+262D (decimal 9773)
   defining Unicode char U+262E (decimal 9774)
   defining Unicode char U+262F (decimal 9775)
   defining Unicode char U+2630 (decimal 9776)
   defining Unicode char U+2631 (decimal 9777)
   defining Unicode char U+2632 (decimal 9778)
   defining Unicode char U+2633 (decimal 9779)
   defining Unicode char U+2634 (decimal 9780)
   defining Unicode char U+2635 (decimal 9781)
   defining Unicode char U+2636 (decimal 9782)
   defining Unicode char U+2637 (decimal 9783)
   defining Unicode char U+2638 (decimal 9784)
   defining Unicode char U+2639 (decimal 9785)
   defining Unicode char U+263A (decimal 9786)
   defining Unicode char U+263B (decimal 9787)
   defining Unicode char U+263C (decimal 9788)
   defining Unicode char U+263D (decimal 9789)
   defining Unicode char U+263E (decimal 9790)
   defining Unicode char U+263F (decimal 9791)
   defining Unicode char U+2640 (decimal 9792)
   defining Unicode char U+2641 (decimal 9793)
   defining Unicode char U+2642 (decimal 9794)
   defining Unicode char U+2643 (decimal 9795)
   defining Unicode char U+2644 (decimal 9796)
   defining Unicode char U+2645 (decimal 9797)
   defining Unicode char U+2646 (decimal 9798)
   defining Unicode char U+2647 (decimal 9799)
   defining Unicode char U+2648 (decimal 9800)
   defining Unicode char U+2649 (decimal 9801)
   defining Unicode char U+264A (decimal 9802)
   defining Unicode char U+264B (decimal 9803)
   defining Unicode char U+264C (decimal 9804)
   defining Unicode char U+264D (decimal 9805)
   defining Unicode char U+264E (decimal 9806)
   defining Unicode char U+264F (decimal 9807)
   defining Unicode char U+2650 (decimal 9808)
   defining Unicode char U+2651 (decimal 9809)
   defining Unicode char U+2652 (decimal 9810)
   defining Unicode char U+2653 (decimal 9811)
   defining Unicode char U+2654 (decimal 9812)
   defining Unicode char U+2655 (decimal 9813)
   defining Unicode char U+2656 (decimal 9814)
   defining Unicode char U+2657 (decimal 9815)
   defining Unicode char U+2658 (decimal 9816)
   defining Unicode char U+2659 (decimal 9817)
   defining Unicode char U+265A (decimal 9818)
   defining Unicode char U+265B (decimal 9819)
   defining Unicode char U+265C (decimal 9820)
   defining Unicode char U+265D (decimal 9821)
   defining Unicode char U+265E (decimal 9822)
   defining Unicode char U+265F (decimal 9823)
   defining Unicode char U+2660 (decimal 9824)
   defining Unicode char U+2661 (decimal 9825)
   defining Unicode char U+2662 (decimal 9826)
   defining Unicode char U+2663 (decimal 9827)
   defining Unicode char U+2664 (decimal 9828)
   defining Unicode char U+2665 (decimal 9829)
   defining Unicode char U+2666 (decimal 9830)
   defining Unicode char U+2667 (decimal 9831)
   defining Unicode char U+2668 (decimal 9832)
   defining Unicode char U+2669 (decimal 9833)
   defining Unicode char U+266A (decimal 9834)
   defining Unicode char U+266B (decimal 9835)
   defining Unicode char U+266C (decimal 9836)
   defining Unicode char U+266D (decimal 9837)
   defining Unicode char U+266E (decimal 9838)
   defining Unicode char U+266F (decimal 9839)
   defining Unicode char U+2670 (decimal 9840)
   defining Unicode char U+2671 (decimal 9841)
   defining Unicode char U+2672 (decimal 9842)
   defining Unicode char U+2673 (decimal 9843)
   defining Unicode char U+2674 (decimal 9844)
   defining Unicode char U+2675 (decimal 9845)
   defining Unicode char U+2676 (decimal 9846)
   defining Unicode char U+2677 (decimal 9847)
   defining Unicode char U+2678 (decimal 9848)
   defining Unicode char U+2679 (decimal 9849)
   defining Unicode char U+267A (decimal 9850)
   defining Unicode char U+267B (decimal 9851)
   defining Unicode char U+267C (decimal 9852)
   defining Unicode char U+267D (decimal 9853)
   defining Unicode char U+267E (decimal 9854)
   defining Unicode char U+267F (decimal 9855)
   defining Unicode char U+2680 (decimal 9856)
   defining Unicode char U+2681 (decimal 9857)
   defining Unicode char U+2682 (decimal 9858)
   defining Unicode char U+2683 (decimal 9859)
   defining Unicode char U+2684 (decimal 9860)
   defining Unicode char U+2685 (decimal 9861)
   defining Unicode char U+2686 (decimal 9862)
   defining Unicode char U+2687 (decimal 9863)
   defining Unicode char U+2688 (decimal 9864)
   defining Unicode char U+2689 (decimal 9865)
   defining Unicode char U+268A (decimal 9866)
   defining Unicode char U+268B (decimal 9867)
   defining Unicode char U+268C (decimal 9868)
   defining Unicode char U+268D (decimal 9869)
   defining Unicode char U+268E (decimal 9870)
   defining Unicode char U+268F (decimal 9871)
   defining Unicode char U+2690 (decimal 9872)
   defining Unicode char U+2691 (decimal 9873)
   defining Unicode char U+2692 (decimal 9874)
   defining Unicode char U+2693 (decimal 9875)
   defining Unicode char U+2694 (decimal 9876)
   defining Unicode char U+2695 (decimal 9877)
   defining Unicode char U+2696 (decimal 9878)
   defining Unicode char U+2697 (decimal 9879)
   defining Unicode char U+2698 (decimal 9880)
   defining Unicode char U+2699 (decimal 9881)
   defining Unicode char U+269A (decimal 9882)
   defining Unicode char U+269B (decimal 9883)
   defining Unicode char U+269C (decimal 9884)
   defining Unicode char U+269D (decimal 9885)
   defining Unicode char U+269E (decimal 9886)
   defining Unicode char U+269F (decimal 9887)
   defining Unicode char U+26A0 (decimal 9888)
   defining Unicode char U+26A1 (decimal 9889)
   defining Unicode char U+26A2 (decimal 9890)
   defining Unicode char U+26A3 (decimal 9891)
   defining Unicode char U+26A4 (decimal 9892)
   defining Unicode char U+26A5 (decimal 9893)
   defining Unicode char U+26A6 (decimal 9894)
   defining Unicode char U+26A7 (decimal 9895)
   defining Unicode char U+26A8 (decimal 9896)
   defining Unicode char U+26A9 (decimal 9897)
   defining Unicode char U+26AA (decimal 9898)
   defining Unicode char U+26AB (decimal 9899)
   defining Unicode char U+26AC (decimal 9900)
   defining Unicode char U+26AD (decimal 9901)
   defining Unicode char U+26AE (decimal 9902)
   defining Unicode char U+26AF (decimal 9903)
   defining Unicode char U+26B0 (decimal 9904)
   defining Unicode char U+26B1 (decimal 9905)
   defining Unicode char U+26B2 (decimal 9906)
   defining Unicode char U+26B3 (decimal 9907)
   defining Unicode char U+26B4 (decimal 9908)
   defining Unicode char U+26B5 (decimal 9909)
   defining Unicode char U+26B6 (decimal 9910)
   defining Unicode char U+26B7 (decimal 9911)
   defining Unicode char U+26B8 (decimal 9912)
   defining Unicode char U+26B9 (decimal 9913)
   defining Unicode char U+26BA (decimal 9914)
   defining Unicode char U+26BB (decimal 9915)
   defining Unicode char U+26BC (decimal 9916)
   defining Unicode char U+26BD (decimal 9917)
   defining Unicode char U+26BE (decimal 9918)
   defining Unicode char U+26BF (decimal 9919)
   defining Unicode char U+26C0 (decimal 9920)
   defining Unicode char U+26C1 (decimal 9921)
   defining Unicode char U+26C2 (decimal 9922)
   defining Unicode char U+26C3 (decimal 9923)
   defining Unicode char U+26C4 (decimal 9924)
   defining Unicode char U+26C5 (decimal 9925)
   defining Unicode char U+26C6 (decimal 9926)
   defining Unicode char U+26C7 (decimal 9927)
   defining Unicode char U+26C8 (decimal 9928)
   defining Unicode char U+26C9 (decimal 9929)
   defining Unicode char U+26CA (decimal 9930)
   defining Unicode char U+26CB (decimal 9931)
   defining Unicode char U+26CC (decimal 9932)
   defining Unicode char U+26CD (decimal 9933)
   defining Unicode char U+26CE (decimal 9934)
   defining Unicode char U+26CF (decimal 9935)
   defining Unicode char U+26D0 (decimal 9936)
   defining Unicode char U+26D1 (decimal 9937)
   defining Unicode char U+26D2 (decimal 9938)
   defining Unicode char U+26D3 (decimal 9939)
   defining Unicode char U+26D4 (decimal 9940)
   defining Unicode char U+26D5 (decimal 9941)
   defining Unicode char U+26D6 (decimal 9942)
   defining Unicode char U+26D7 (decimal 9943)
   defining Unicode char U+26D8 (decimal 9944)
   defining Unicode char U+26D9 (decimal 9945)
   defining Unicode char U+26DA (decimal 9946)
   defining Unicode char U+26DB (decimal 9947)
   defining Unicode char U+26DC (decimal 9948)
   defining Unicode char U+26DD (decimal 9949)
   defining Unicode char U+26DE (decimal 9950)
   defining Unicode char U+26DF (decimal 9951)
   defining Unicode char U+26E0 (decimal 9952)
   defining Unicode char U+26E1 (decimal 9953)
   defining Unicode char U+26E2 (decimal 9954)
   defining Unicode char U+26E3 (decimal 9955)
   defining Unicode char U+26E4 (decimal 9956)
   defining Unicode char U+26E5 (decimal 9957)
   defining Unicode char U+26E6 (decimal 9958)
   defining Unicode char U+26E7 (decimal 9959)
   defining Unicode char U+26E8 (decimal 9960)
   defining Unicode char U+26E9 (decimal 9961)
   defining Unicode char U+26EA (decimal 9962)
   defining Unicode char U+26EB (decimal 9963)
   defining Unicode char U+26EC (decimal 9964)
   defining Unicode char U+26ED (decimal 9965)
   defining Unicode char U+26EE (decimal 9966)
   defining Unicode char U+26EF (decimal 9967)
   defining Unicode char U+26F0 (decimal 9968)
   defining Unicode char U+26F1 (decimal 9969)
   defining Unicode char U+26F2 (decimal 9970)
   defining Unicode char U+26F3 (decimal 9971)
   defining Unicode char U+26F4 (decimal 9972)
   defining Unicode char U+26F5 (decimal 9973)
   defining Unicode char U+26F6 (decimal 9974)
   defining Unicode char U+26F7 (decimal 9975)
   defining Unicode char U+26F8 (decimal 9976)
   defining Unicode char U+26F9 (decimal 9977)
   defining Unicode char U+26FA (decimal 9978)
   defining Unicode char U+26FB (decimal 9979)
   defining Unicode char U+26FC (decimal 9980)
   defining Unicode char U+26FD (decimal 9981)
   defining Unicode char U+26FE (decimal 9982)
   defining Unicode char U+26FF (decimal 9983)
   defining Unicode char U+2700 (decimal 9984)
   defining Unicode char U+2701 (decimal 9985)
   defining Unicode char U+2702 (decimal 9986)
   defining Unicode char U+2703 (decimal 9987)
   defining Unicode char U+2704 (decimal 9988)
   defining Unicode char U+2705 (decimal 9989)
   defining Unicode char U+2706 (decimal 9990)
   defining Unicode char U+2707 (decimal 9991)
   defining Unicode char U+2708 (decimal 9992)
   defining Unicode char U+2709 (decimal 9993)
   defining Unicode char U+270A (decimal 9994)
   defining Unicode char U+270B (decimal 9995)
   defining Unicode char U+270C (decimal 9996)
   defining Unicode char U+270D (decimal 9997)
   defining Unicode char U+270E (decimal 9998)
   defining Unicode char U+270F (decimal 9999)
   defining Unicode char U+2710 (decimal 10000)
   defining Unicode char U+2711 (decimal 10001)
   defining Unicode char U+2712 (decimal 10002)
   defining Unicode char U+2713 (decimal 10003)
   defining Unicode char U+2714 (decimal 10004)
   defining Unicode char U+2715 (decimal 10005)
   defining Unicode char U+2716 (decimal 10006)
   defining Unicode char U+2717 (decimal 10007)
   defining Unicode char U+2718 (decimal 10008)
   defining Unicode char U+2719 (decimal 10009)
   defining Unicode char U+271A (decimal 10010)
   defining Unicode char U+271B (decimal 10011)
   defining Unicode char U+271C (decimal 10012)
   defining Unicode char U+271D (decimal 10013)
   defining Unicode char U+271E (decimal 10014)
   defining Unicode char U+271F (decimal 10015)
   defining Unicode char U+2720 (decimal 10016)
   defining Unicode char U+2721 (decimal 10017)
   defining Unicode char U+2722 (decimal 10018)
   defining Unicode char U+2723 (decimal 10019)
   defining Unicode char U+2724 (decimal 10020)
   defining Unicode char U+2725 (decimal 10021)
   defining Unicode char U+2726 (decimal 10022)
   defining Unicode char U+2727 (decimal 10023)
   defining Unicode char U+2728 (decimal 10024)
   defining Unicode char U+2729 (decimal 10025)
   defining Unicode char U+272A (decimal 10026)
   defining Unicode char U+272B (decimal 10027)
   defining Unicode char U+272C (decimal 10028)
   defining Unicode char U+272D (decimal 10029)
   defining Unicode char U+272E (decimal 10030)
   defining Unicode char U+272F (decimal 10031)
   defining Unicode char U+2730 (decimal 10032)
   defining Unicode char U+2731 (decimal 10033)
   defining Unicode char U+2732 (decimal 10034)
   defining Unicode char U+2733 (decimal 10035)
   defining Unicode char U+2734 (decimal 10036)
   defining Unicode char U+2735 (decimal 10037)
   defining Unicode char U+2736 (decimal 10038)
   defining Unicode char U+2737 (decimal 10039)
   defining Unicode char U+2738 (decimal 10040)
   defining Unicode char U+2739 (decimal 10041)
   defining Unicode char U+273A (decimal 10042)
   defining Unicode char U+273B (decimal 10043)
   defining Unicode char U+273C (decimal 10044)
   defining Unicode char U+273D (decimal 10045)
   defining Unicode char U+273E (decimal 10046)
   defining Unicode char U+273F (decimal 10047)
   defining Unicode char U+2740 (decimal 10048)
   defining Unicode char U+2741 (decimal 10049)
   defining Unicode char U+2742 (decimal 10050)
   defining Unicode char U+2743 (decimal 10051)
   defining Unicode char U+2744 (decimal 10052)
   defining Unicode char U+2745 (decimal 10053)
   defining Unicode char U+2746 (decimal 10054)
   defining Unicode char U+2747 (decimal 10055)
   defining Unicode char U+2748 (decimal 10056)
   defining Unicode char U+2749 (decimal 10057)
   defining Unicode char U+274A (decimal 10058)
   defining Unicode char U+274B (decimal 10059)
   defining Unicode char U+274C (decimal 10060)
   defining Unicode char U+274D (decimal 10061)
   defining Unicode char U+274E (decimal 10062)
   defining Unicode char U+274F (decimal 10063)
   defining Unicode char U+2750 (decimal 10064)
   defining Unicode char U+2751 (decimal 10065)
   defining Unicode char U+2752 (decimal 10066)
   defining Unicode char U+2753 (decimal 10067)
   defining Unicode char U+2754 (decimal 10068)
   defining Unicode char U+2755 (decimal 10069)
   defining Unicode char U+2756 (decimal 10070)
   defining Unicode char U+2757 (decimal 10071)
   defining Unicode char U+2758 (decimal 10072)
   defining Unicode char U+2759 (decimal 10073)
   defining Unicode char U+275A (decimal 10074)
   defining Unicode char U+275B (decimal 10075)
   defining Unicode char U+275C (decimal 10076)
   defining Unicode char U+275D (decimal 10077)
   defining Unicode char U+275E (decimal 10078)
   defining Unicode char U+275F (decimal 10079)
   defining Unicode char U+2760 (decimal 10080)
   defining Unicode char U+2761 (decimal 10081)
   defining Unicode char U+2762 (decimal 10082)
   defining Unicode char U+2763 (decimal 10083)
   defining Unicode char U+2764 (decimal 10084)
   defining Unicode char U+2765 (decimal 10085)
   defining Unicode char U+2766 (decimal 10086)
   defining Unicode char U+2767 (decimal 10087)
   defining Unicode char U+2768 (decimal 10088)
   defining Unicode char U+2769 (decimal 10089)
   defining Unicode char U+276A (decimal 10090)
   defining Unicode char U+276B (decimal 10091)
   defining Unicode char U+276C (decimal 10092)
   defining Unicode char U+276D (decimal 10093)
   defining Unicode char U+276E (decimal 10094)
   defining Unicode char U+276F (decimal 10095)
   defining Unicode char U+2770 (decimal 10096)
   defining Unicode char U+2771 (decimal 10097)
   defining Unicode char U+2772 (decimal 10098)
   defining Unicode char U+2773 (decimal 10099)
   defining Unicode char U+2774 (decimal 10100)
   defining Unicode char U+2775 (decimal 10101)
   defining Unicode char U+2776 (decimal 10102)
   defining Unicode char U+2777 (decimal 10103)
   defining Unicode char U+2778 (decimal 10104)
   defining Unicode char U+2779 (decimal 10105)
   defining Unicode char U+277A (decimal 10106)
   defining Unicode char U+277B (decimal 10107)
   defining Unicode char U+277C (decimal 10108)
   defining Unicode char U+277D (decimal 10109)
   defining Unicode char U+277E (decimal 10110)
   defining Unicode char U+277F (decimal 10111)
   defining Unicode char U+2780 (decimal 10112)
   defining Unicode char U+2781 (decimal 10113)
   defining Unicode char U+2782 (decimal 10114)
   defining Unicode char U+2783 (decimal 10115)
   defining Unicode char U+2784 (decimal 10116)
   defining Unicode char U+2785 (decimal 10117)
   defining Unicode char U+2786 (decimal 10118)
   defining Unicode char U+2787 (decimal 10119)
   defining Unicode char U+2788 (decimal 10120)
   defining Unicode char U+2789 (decimal 10121)
   defining Unicode char U+278A (decimal 10122)
   defining Unicode char U+278B (decimal 10123)
   defining Unicode char U+278C (decimal 10124)
   defining Unicode char U+278D (decimal 10125)
   defining Unicode char U+278E (decimal 10126)
   defining Unicode char U+278F (decimal 10127)
   defining Unicode char U+2790 (decimal 10128)
   defining Unicode char U+2791 (decimal 10129)
   defining Unicode char U+2792 (decimal 10130)
   defining Unicode char U+2793 (decimal 10131)
   defining Unicode char U+2794 (decimal 10132)
   defining Unicode char U+2795 (decimal 10133)
   defining Unicode char U+2796 (decimal 10134)
   defining Unicode char U+2797 (decimal 10135)
   defining Unicode char U+2798 (decimal 10136)
   defining Unicode char U+2799 (decimal 10137)
   defining Unicode char U+279A (decimal 10138)
   defining Unicode char U+279B (decimal 10139)
   defining Unicode char U+279C (decimal 10140)
   defining Unicode char U+279D (decimal 10141)
   defining Unicode char U+279E (decimal 10142)
   defining Unicode char U+279F (decimal 10143)
   defining Unicode char U+27A0 (decimal 10144)
   defining Unicode char U+27A1 (decimal 10145)
   defining Unicode char U+27A2 (decimal 10146)
   defining Unicode char U+27A3 (decimal 10147)
   defining Unicode char U+27A4 (decimal 10148)
   defining Unicode char U+27A5 (decimal 10149)
   defining Unicode char U+27A6 (decimal 10150)
   defining Unicode char U+27A7 (decimal 10151)
   defining Unicode char U+27A8 (decimal 10152)
   defining Unicode char U+27A9 (decimal 10153)
   defining Unicode char U+27AA (decimal 10154)
   defining Unicode char U+27AB (decimal 10155)
   defining Unicode char U+27AC (decimal 10156)
   defining Unicode char U+27AD (decimal 10157)
   defining Unicode char U+27AE (decimal 10158)
   defining Unicode char U+27AF (decimal 10159)
   defining Unicode char U+27B0 (decimal 10160)
   defining Unicode char U+27B1 (decimal 10161)
   defining Unicode char U+27B2 (decimal 10162)
   defining Unicode char U+27B3 (decimal 10163)
   defining Unicode char U+27B4 (decimal 10164)
   defining Unicode char U+27B5 (decimal 10165)
   defining Unicode char U+27B6 (decimal 10166)
   defining Unicode char U+27B7 (decimal 10167)
   defining Unicode char U+27B8 (decimal 10168)
   defining Unicode char U+27B9 (decimal 10169)
   defining Unicode char U+27BA (decimal 10170)
   defining Unicode char U+27BB (decimal 10171)
   defining Unicode char U+27BC (decimal 10172)
   defining Unicode char U+27BD (decimal 10173)
   defining Unicode char U+27BE (decimal 10174)
   defining Unicode char U+27BF (decimal 10175)
) (/usr/share/texlive/texmf-dist/tex/generic/tex4ht/enumitem-hooks.4ht
version 2024-09-09-13:35
) (/usr/share/texlive/texmf-dist/tex/latex/enumitem/enumitem.sty
Package: enumitem 2025/02/06 v3.11 Customized lists
\labelindent=\skip59
\enit@outerparindent=\dimen273
\enit@toks=\toks38
\enit@inbox=\box68
\enit@count@id=\count324
\enitdp@description=\count325
) (/usr/share/texlive/texmf-dist/tex/generic/tex4ht/caption-hooks.4ht
version 2022-11-20-07:09
) (/usr/share/texlive/texmf-dist/tex/latex/caption/caption.sty
Package: caption 2023/08/05 v3.6o Customizing captions (AR)
(/usr/share/texlive/texmf-dist/tex/latex/caption/caption3.sty
Package: caption3 2023/07/31 v2.4d caption3 kernel (AR)
\caption@tempdima=\dimen274
\captionmargin=\dimen275
\caption@leftmargin=\dimen276
\caption@rightmargin=\dimen277
\caption@width=\dimen278
\caption@indent=\dimen279
\caption@parindent=\dimen280
\caption@hangindent=\dimen281
Package caption Info: Standard document class detected.
)
\c@caption@flags=\count326
\c@continuedfloat=\count327
Package caption Info: hyperref package is loaded.
Package caption Info: Hyperref support is turned off
(caption)             because hyperref has stopped early.
) (/usr/share/texlive/texmf-dist/tex/latex/fancyvrb/fancyvrb.sty
Package: fancyvrb 2024/01/20 4.5c verbatim text (tvz,hv)
\FV@CodeLineNo=\count328
\FV@InFile=\read3
\FV@TabBox=\box69
\c@FancyVerbLine=\count329
\FV@StepNumber=\count330
\FV@OutFile=\write4
) (/usr/share/texlive/texmf-dist/tex/generic/tex4ht/tex4ht.4ht
version 2025-02-09-08:05
--------------------------------------
--- Note --- for additional information, use the command line option `info'
--------------------------------------
::::::::::::::::::::::::::::::::::::::::::
 TeX4ht info is available in the log file 
::::::::::::::::::::::::::::::::::::::::::
) (/usr/share/texlive/texmf-dist/tex/generic/tex4ht/tex4ht.sty
version 2025-02-27-12:30
l.875 --- TeX4ht warning --- nonprimitive \everypar ---
--- needs --- tex4ht geostats ---
\tmp:cnt=\count331
\openout15 = `geostats.tmp'.

(./geostats.tmp)
\tmp:dim=\skip60
(./geostats.xref)
\:refout=\write5
\openout5 = `geostats.xref'.

(/usr/share/texlive/texmf-dist/tex/generic/tex4ht/html4.4ht
version 2025-03-05-13:44
--------------------------------------
--- Note --- to remove the <?xml version=...?> processing instruction use the c
ommand line option `no-VERSION'
--------------------------------------
--------------------------------------
--- Note --- to remove the DOCTYPE declaration use the command line option `no-
DOCTYPE'
--------------------------------------
) (/usr/share/texlive/texmf-dist/tex/generic/tex4ht/unicode.4ht
version 2024-12-15-07:18
) (/usr/share/texlive/texmf-dist/tex/generic/tex4ht/html4-math.4ht
version 2024-09-27-10:13
) (/usr/share/texlive/texmf-dist/tex/generic/tex4ht/html5.4ht
version 2024-04-09-09:36
)
--------------------------------------
--- Note --- for marking of the base font, use the command line option `fonts+'

--------------------------------------
--------------------------------------
--- Note --- for non active _, use the command line option `no_'
--------------------------------------
--------------------------------------
--- Note --- for _ of catcode 13, use the command line option `_13'
--------------------------------------
--------------------------------------
--- Note --- for non active ^, use the command line option `no^'
--------------------------------------
--------------------------------------
--- Note --- for ^ of catcode 13, use the command line option `^13'
--------------------------------------
(/usr/share/texlive/texmf-dist/tex/generic/tex4ht/html4.4ht
version 2025-03-05-13:44
--------------------------------------
--- Note --- to ignore CSS font decoration, use the `NoFonts' command line opti
on
--------------------------------------
--------------------------------------
--- Note --- for jpg bitmaps of pictures, use the `jpg' command line option. (C
haracter bitmaps are controled only by `g' records of tex4ht.env and `-g' switc
hes of tex4ht.c) 
--------------------------------------
--------------------------------------
--- Note --- for gif bitmaps of pictures, use the `gif' command line option. (C
haracter bitmaps are controled only by `g' records of tex4ht.env and `-g' switc
hes of tex4ht.c) 
--------------------------------------
--------------------------------------
--- Note --- for content and toc in 2 frames, use the command line option `fram
es'
--------------------------------------
--------------------------------------
--- Note --- for content, toc, and footnotes in 3 frames, use the command line 
option `frames-fn'
--------------------------------------
--------------------------------------
--- Note --- for file extension name xht, use the command line option `xht'
--------------------------------------
TeX4ht package options: xhtml,charset=utf-8,html5,html
--------------------------------------
--- Note --- To print a timestamp, use the command line option timestamp
--------------------------------------
--------------------------------------
--- Note --- to ignore CSS code, use the command line option `-css
--------------------------------------
--------------------------------------
--- Note --- for inline CSS code, use the command line option `css-in'
--------------------------------------
--------------------------------------
--- Note --- for pop ups on mouse over, use the command line option `mouseover'

--------------------------------------
--------------------------------------
--- Note --- for addressing images in a subdirectory, use the command line opti
on `imgdir:.../'
--------------------------------------
) (/usr/share/texlive/texmf-dist/tex/generic/tex4ht/unicode.4ht
version 2024-12-15-07:18
) (/usr/share/texlive/texmf-dist/tex/generic/tex4ht/html4-math.4ht
version 2024-09-27-10:13
) (/usr/share/texlive/texmf-dist/tex/generic/tex4ht/html5.4ht
version 2024-04-09-09:36
--------------------------------------
--- Note --- To print a timestamp, use the command line option timestamp
--------------------------------------
--------------------------------------
--- Note --- We use a default CSS style. Use the `nostyle' option if you want t
o use custom a CSS design
--------------------------------------
)
\:tokwrite=\toks39
\:tokpage=\toks40
--------------------------------------
--- Note --- for back links to toc, use the command line option `sections+'
--------------------------------------
--------------------------------------
--- Note --- for linear crosslinks of pages, use the command line option `next'

--------------------------------------
\openout15 = `geostats.4ct'.

\:tocout=\write6
\openout6 = `geostats.4tc'.

(geostats.4tc) (/usr/share/texlive/texmf-dist/tex/generic/tex4ht/html4.4ht
version 2025-03-05-13:44
) (/usr/share/texlive/texmf-dist/tex/generic/tex4ht/unicode.4ht
version 2024-12-15-07:18
) (/usr/share/texlive/texmf-dist/tex/generic/tex4ht/html4-math.4ht
version 2024-09-27-10:13
) (/usr/share/texlive/texmf-dist/tex/generic/tex4ht/html5.4ht
version 2024-04-09-09:36
) (/usr/share/texlive/texmf-dist/tex/generic/tex4ht/latex.4ht
version 2025-02-05-13:01
LaTeX Info: Redefining \_ on input line 180.
LaTeX Info: Redefining \begin on input line 624.
LaTeX Info: Redefining \end on input line 672.
LaTeX Info: Redefining \, on input line 834.
LaTeX Info: Redefining \; on input line 835.
LaTeX Info: Redefining \! on input line 836.
LaTeX Info: Redefining \: on input line 837.
LaTeX Info: Redefining \> on input line 838.
--------------------------------------
--- Note --- for links into captions, instead of float heads, use the command l
ine option `refcaption'
--------------------------------------
(/usr/share/texlive/texmf-dist/tex/generic/tex4ht/html4.4ht
version 2025-03-05-13:44
) (/usr/share/texlive/texmf-dist/tex/generic/tex4ht/unicode.4ht
version 2024-12-15-07:18
) (/usr/share/texlive/texmf-dist/tex/generic/tex4ht/html4-math.4ht
version 2024-09-27-10:13
) (/usr/share/texlive/texmf-dist/tex/generic/tex4ht/html5.4ht
version 2024-04-09-09:36
) (/usr/share/texlive/texmf-dist/tex/generic/tex4ht/html4.4ht
version 2025-03-05-13:44
--------------------------------------
--- Note --- For mini tocs immediately aftter the header use the command line o
ption `minitoc<'
--------------------------------------
--------------------------------------
--- Note --- for enumerated list elements with valued data, use the command lin
e option `enumerate+'
--------------------------------------
--------------------------------------
--- Note --- for enumerated list elements li's with value attributes, use the c
ommand line option `enumerate-'
--------------------------------------
--------------------------------------
--- Note --- for CSS2 code, use the command line option `css2'
--------------------------------------
--------------------------------------
--- Note --- for pictorial tabular, use the command line option `pic-tabular'
--------------------------------------
--------------------------------------
--- Note --- for bitmap fbox'es, use the command line option `pic-fbox'
--------------------------------------
--------------------------------------
--- Note --- for bitmap framebox'es, use the command line option `pic-framebox'

--------------------------------------
--------------------------------------
--- Note --- for inline footnotes use command line option `fn-in'
--------------------------------------
--------------------------------------
--- Note --- for tracing of latex font commands, use the command line option `f
onts'
--------------------------------------
--------------------------------------
--- Note --- for width specifications of tabular p entries, use the `p-width' c
ommand line option or a configuration similar to \Configure{HColWidth}{\HCode{ 
style="width:\HColWidth"}}
--------------------------------------
) (/usr/share/texlive/texmf-dist/tex/generic/tex4ht/unicode.4ht
version 2024-12-15-07:18
) (/usr/share/texlive/texmf-dist/tex/generic/tex4ht/html4-math.4ht
version 2024-09-27-10:13
--------------------------------------
--- Note --- for pictorial eqnarray, use the command line option `pic-eqnarray'

--------------------------------------
--------------------------------------
--- Note --- for pictorial array, use the command line option `pic-array'
--------------------------------------
--------------------------------------
--- Note --- for pictorial $...$ environments, use the command line option `pic
-m' (not recommended!!)
--------------------------------------
--------------------------------------
--- Note --- for pictorial $...$ and $$...$$ environments with latex alt, use t
he command line option `pic-m+' (not safe!!)
--------------------------------------
--------------------------------------
--- Note --- for pictorial array, use the command line option `pic-array'
--------------------------------------
) (/usr/share/texlive/texmf-dist/tex/generic/tex4ht/html5.4ht
version 2024-04-09-09:36
)) (/usr/share/texlive/texmf-dist/tex/generic/tex4ht/fontmath.4ht
version 2022-10-25-13:59
(/usr/share/texlive/texmf-dist/tex/generic/tex4ht/html4.4ht
version 2025-03-05-13:44
) (/usr/share/texlive/texmf-dist/tex/generic/tex4ht/unicode.4ht
version 2024-12-15-07:18
) (/usr/share/texlive/texmf-dist/tex/generic/tex4ht/html4-math.4ht
version 2024-09-27-10:13
) (/usr/share/texlive/texmf-dist/tex/generic/tex4ht/html5.4ht
version 2024-04-09-09:36
)) (/usr/share/texlive/texmf-dist/tex/generic/tex4ht/book.4ht
version 2023-04-10-13:46
(/usr/share/texlive/texmf-dist/tex/generic/tex4ht/html4.4ht
version 2025-03-05-13:44
--------------------------------------
--- Note --- for automatic sectioning pagination, use the command line option `
1', `2', `3', '4', '5', '6', or '7'
--------------------------------------
--------------------------------------
--- Note --- for files named derived from section titles, use the command line 
option `sec-filename'
--------------------------------------
--------------------------------------
--- Note --- for i-columns index, use the command line option `index=i' (e.g., 
index=2)
--------------------------------------
) (/usr/share/texlive/texmf-dist/tex/generic/tex4ht/unicode.4ht
version 2024-12-15-07:18
) (/usr/share/texlive/texmf-dist/tex/generic/tex4ht/html4-math.4ht
version 2024-09-27-10:13
) (/usr/share/texlive/texmf-dist/tex/generic/tex4ht/html5.4ht
version 2024-04-09-09:36
)) (/usr/share/texlive/texmf-dist/tex/generic/tex4ht/geometry.4ht
version 2016-07-01-08:55
(/usr/share/texlive/texmf-dist/tex/generic/tex4ht/html4.4ht
version 2025-03-05-13:44
) (/usr/share/texlive/texmf-dist/tex/generic/tex4ht/unicode.4ht
version 2024-12-15-07:18
) (/usr/share/texlive/texmf-dist/tex/generic/tex4ht/html4-math.4ht
version 2024-09-27-10:13
) (/usr/share/texlive/texmf-dist/tex/generic/tex4ht/html5.4ht
version 2024-04-09-09:36
)) (/usr/share/texlive/texmf-dist/tex/generic/tex4ht/hyperref.4ht
version 2024-02-29-14:08
LaTeX Info: Redefining \autoref on input line 88.
\Hy@SectionHShift=\skip61
(/usr/share/texlive/texmf-dist/tex/generic/tex4ht/html4.4ht
version 2025-03-05-13:44
) (/usr/share/texlive/texmf-dist/tex/generic/tex4ht/unicode.4ht
version 2024-12-15-07:18
) (/usr/share/texlive/texmf-dist/tex/generic/tex4ht/html4-math.4ht
version 2024-09-27-10:13
) (/usr/share/texlive/texmf-dist/tex/generic/tex4ht/html5.4ht
version 2024-04-09-09:36
)) (/usr/share/texlive/texmf-dist/tex/generic/tex4ht/nameref.4ht
version 2025-03-03-13:56
(/usr/share/texlive/texmf-dist/tex/generic/tex4ht/html4.4ht
version 2025-03-05-13:44
) (/usr/share/texlive/texmf-dist/tex/generic/tex4ht/unicode.4ht
version 2024-12-15-07:18
) (/usr/share/texlive/texmf-dist/tex/generic/tex4ht/html4-math.4ht
version 2024-09-27-10:13
) (/usr/share/texlive/texmf-dist/tex/generic/tex4ht/html5.4ht
version 2024-04-09-09:36
)) (/usr/share/texlive/texmf-dist/tex/generic/tex4ht/pd1enc.4ht
version 2009-05-21-09:32
(/usr/share/texlive/texmf-dist/tex/generic/tex4ht/html4.4ht
version 2025-03-05-13:44
) (/usr/share/texlive/texmf-dist/tex/generic/tex4ht/unicode.4ht
version 2024-12-15-07:18
) (/usr/share/texlive/texmf-dist/tex/generic/tex4ht/html4-math.4ht
version 2024-09-27-10:13
) (/usr/share/texlive/texmf-dist/tex/generic/tex4ht/html5.4ht
version 2024-04-09-09:36
)) (/usr/share/texlive/texmf-dist/tex/generic/tex4ht/url.4ht
version 2023-02-19-10:11
(/usr/share/texlive/texmf-dist/tex/generic/tex4ht/html4.4ht
version 2025-03-05-13:44
--------------------------------------
--- Note --- for URL encoding within href use the command line option `url-enc'

--------------------------------------
) (/usr/share/texlive/texmf-dist/tex/generic/tex4ht/unicode.4ht
version 2024-12-15-07:18
) (/usr/share/texlive/texmf-dist/tex/generic/tex4ht/html4-math.4ht
version 2024-09-27-10:13
) (/usr/share/texlive/texmf-dist/tex/generic/tex4ht/html5.4ht
version 2024-04-09-09:36
)) (/usr/share/texlive/texmf-dist/tex/generic/tex4ht/amsmath.4ht
version 2025-01-08-13:38
\tmp:muskip=\muskip19
(/usr/share/texlive/texmf-dist/tex/generic/tex4ht/html4.4ht
version 2025-03-05-13:44
) (/usr/share/texlive/texmf-dist/tex/generic/tex4ht/unicode.4ht
version 2024-12-15-07:18
) (/usr/share/texlive/texmf-dist/tex/generic/tex4ht/html4-math.4ht
version 2024-09-27-10:13
LaTeX Info: Redefining \[ on input line 511.
LaTeX Info: Redefining \] on input line 511.
) (/usr/share/texlive/texmf-dist/tex/generic/tex4ht/html5.4ht
version 2024-04-09-09:36
)) (/usr/share/texlive/texmf-dist/tex/generic/tex4ht/amstext.4ht
version 2009-05-21-09:32
(/usr/share/texlive/texmf-dist/tex/generic/tex4ht/html4.4ht
version 2025-03-05-13:44
) (/usr/share/texlive/texmf-dist/tex/generic/tex4ht/unicode.4ht
version 2024-12-15-07:18
) (/usr/share/texlive/texmf-dist/tex/generic/tex4ht/html4-math.4ht
version 2024-09-27-10:13
) (/usr/share/texlive/texmf-dist/tex/generic/tex4ht/html5.4ht
version 2024-04-09-09:36
)) (/usr/share/texlive/texmf-dist/tex/generic/tex4ht/amsbsy.4ht
version 2009-05-21-09:32
(/usr/share/texlive/texmf-dist/tex/generic/tex4ht/html4.4ht
version 2025-03-05-13:44
) (/usr/share/texlive/texmf-dist/tex/generic/tex4ht/unicode.4ht
version 2024-12-15-07:18
) (/usr/share/texlive/texmf-dist/tex/generic/tex4ht/html4-math.4ht
version 2024-09-27-10:13
) (/usr/share/texlive/texmf-dist/tex/generic/tex4ht/html5.4ht
version 2024-04-09-09:36
)) (/usr/share/texlive/texmf-dist/tex/generic/tex4ht/amsopn.4ht
version 2009-05-21-09:32
(/usr/share/texlive/texmf-dist/tex/generic/tex4ht/html4.4ht
version 2025-03-05-13:44
) (/usr/share/texlive/texmf-dist/tex/generic/tex4ht/unicode.4ht
version 2024-12-15-07:18
) (/usr/share/texlive/texmf-dist/tex/generic/tex4ht/html4-math.4ht
version 2024-09-27-10:13
) (/usr/share/texlive/texmf-dist/tex/generic/tex4ht/html5.4ht
version 2024-04-09-09:36
)) (/usr/share/texlive/texmf-dist/tex/generic/tex4ht/natbib.4ht
version 2021-06-27-08:11
(/usr/share/texlive/texmf-dist/tex/generic/tex4ht/html4.4ht
version 2025-03-05-13:44
) (/usr/share/texlive/texmf-dist/tex/generic/tex4ht/unicode.4ht
version 2024-12-15-07:18
) (/usr/share/texlive/texmf-dist/tex/generic/tex4ht/html4-math.4ht
version 2024-09-27-10:13
) (/usr/share/texlive/texmf-dist/tex/generic/tex4ht/html5.4ht
version 2024-04-09-09:36
)) (/usr/share/texlive/texmf-dist/tex/generic/tex4ht/graphicx.4ht
version 2022-01-12-13:53
(/usr/share/texlive/texmf-dist/tex/generic/tex4ht/html4.4ht
version 2025-03-05-13:44
) (/usr/share/texlive/texmf-dist/tex/generic/tex4ht/unicode.4ht
version 2024-12-15-07:18
) (/usr/share/texlive/texmf-dist/tex/generic/tex4ht/html4-math.4ht
version 2024-09-27-10:13
) (/usr/share/texlive/texmf-dist/tex/generic/tex4ht/html5.4ht
version 2024-04-09-09:36
)) (/usr/share/texlive/texmf-dist/tex/generic/tex4ht/graphics.4ht
version 2024-03-07-13:56
(/usr/share/texlive/texmf-dist/tex/generic/tex4ht/html4.4ht
version 2025-03-05-13:44
--------------------------------------
--- Note --- if included graphics are of degraded quality, try the command line
 options `graphics-num' or `graphics-'. The `num' should provide the density of
 pixels in the bitmaps (e.g., 110). 
--------------------------------------
--------------------------------------
--- Note --- for setting image dimensions, try the option `Gin-dim'; to use per
cents instead of units, use `Gin-perecent'; for key dimensions when bounding bo
x is unavailable try `Gin-dim+'; neither is recommended
--------------------------------------
) (/usr/share/texlive/texmf-dist/tex/generic/tex4ht/unicode.4ht
version 2024-12-15-07:18
) (/usr/share/texlive/texmf-dist/tex/generic/tex4ht/html4-math.4ht
version 2024-09-27-10:13
) (/usr/share/texlive/texmf-dist/tex/generic/tex4ht/html5.4ht
version 2024-04-09-09:36
)) (/usr/share/texlive/texmf-dist/tex/generic/tex4ht/dvips.4ht
version 2009-05-21-09:32
(/usr/share/texlive/texmf-dist/tex/generic/tex4ht/html4.4ht
version 2025-03-05-13:44
) (/usr/share/texlive/texmf-dist/tex/generic/tex4ht/unicode.4ht
version 2024-12-15-07:18
) (/usr/share/texlive/texmf-dist/tex/generic/tex4ht/html4-math.4ht
version 2024-09-27-10:13
) (/usr/share/texlive/texmf-dist/tex/generic/tex4ht/html5.4ht
version 2024-04-09-09:36
)) (/usr/share/texlive/texmf-dist/tex/generic/tex4ht/xcolor.4ht
version 2024-05-09-14:07
(/usr/share/texlive/texmf-dist/tex/generic/tex4ht/color.4ht
version 2022-02-01-14:27
(/usr/share/texlive/texmf-dist/tex/generic/tex4ht/html4.4ht
version 2025-03-05-13:44
) (/usr/share/texlive/texmf-dist/tex/generic/tex4ht/unicode.4ht
version 2024-12-15-07:18
) (/usr/share/texlive/texmf-dist/tex/generic/tex4ht/html4-math.4ht
version 2024-09-27-10:13
) (/usr/share/texlive/texmf-dist/tex/generic/tex4ht/html5.4ht
version 2024-04-09-09:36
)) (/usr/share/texlive/texmf-dist/tex/generic/tex4ht/html4.4ht
version 2025-03-05-13:44
) (/usr/share/texlive/texmf-dist/tex/generic/tex4ht/unicode.4ht
version 2024-12-15-07:18
) (/usr/share/texlive/texmf-dist/tex/generic/tex4ht/html4-math.4ht
version 2024-09-27-10:13
) (/usr/share/texlive/texmf-dist/tex/generic/tex4ht/html5.4ht
version 2024-04-09-09:36
)) (/usr/share/texlive/texmf-dist/tex/generic/tex4ht/color.4ht
version 2022-02-01-14:27
) (/usr/share/texlive/texmf-dist/tex/generic/tex4ht/pgf.4ht
version 2009-05-21-09:32
(/usr/share/texlive/texmf-dist/tex/generic/tex4ht/html4.4ht
version 2025-03-05-13:44
) (/usr/share/texlive/texmf-dist/tex/generic/tex4ht/unicode.4ht
version 2024-12-15-07:18
) (/usr/share/texlive/texmf-dist/tex/generic/tex4ht/html4-math.4ht
version 2024-09-27-10:13
) (/usr/share/texlive/texmf-dist/tex/generic/tex4ht/html5.4ht
version 2024-04-09-09:36
)) (/usr/share/texlive/texmf-dist/tex/generic/tex4ht/enumitem.4ht
version 2024-09-09-13:35
(/usr/share/texlive/texmf-dist/tex/generic/tex4ht/html4.4ht
version 2025-03-05-13:44
) (/usr/share/texlive/texmf-dist/tex/generic/tex4ht/unicode.4ht
version 2024-12-15-07:18
) (/usr/share/texlive/texmf-dist/tex/generic/tex4ht/html4-math.4ht
version 2024-09-27-10:13
) (/usr/share/texlive/texmf-dist/tex/generic/tex4ht/html5.4ht
version 2024-04-09-09:36
)) (/usr/share/texlive/texmf-dist/tex/generic/tex4ht/caption.4ht
version 2024-11-11-13:40
(/usr/share/texlive/texmf-dist/tex/generic/tex4ht/html4.4ht
version 2025-03-05-13:44
) (/usr/share/texlive/texmf-dist/tex/generic/tex4ht/unicode.4ht
version 2024-12-15-07:18
) (/usr/share/texlive/texmf-dist/tex/generic/tex4ht/html4-math.4ht
version 2024-09-27-10:13
) (/usr/share/texlive/texmf-dist/tex/generic/tex4ht/html5.4ht
version 2024-04-09-09:36
)) (/usr/share/texlive/texmf-dist/tex/generic/tex4ht/fancyvrb.4ht
version 2024-10-04-14:44
(/usr/share/texlive/texmf-dist/tex/generic/tex4ht/html4.4ht
version 2025-03-05-13:44
) (/usr/share/texlive/texmf-dist/tex/generic/tex4ht/unicode.4ht
version 2024-12-15-07:18
) (/usr/share/texlive/texmf-dist/tex/generic/tex4ht/html4-math.4ht
version 2024-09-27-10:13
) (/usr/share/texlive/texmf-dist/tex/generic/tex4ht/html5.4ht
version 2024-04-09-09:36
)) (/usr/share/texlive/texmf-dist/tex/generic/tex4ht/html4.4ht
version 2025-03-05-13:44
) (/usr/share/texlive/texmf-dist/tex/generic/tex4ht/unicode.4ht
version 2024-12-15-07:18
) (/usr/share/texlive/texmf-dist/tex/generic/tex4ht/html4-math.4ht
version 2024-09-27-10:13
) (/usr/share/texlive/texmf-dist/tex/generic/tex4ht/html5.4ht
version 2024-04-09-09:36
)) (./geostats.aux)
\openout1 = `geostats.aux'.

LaTeX Font Info:    Checking defaults for OML/cmm/m/it on input line 54.
LaTeX Font Info:    ... okay on input line 54.
LaTeX Font Info:    Checking defaults for OMS/cmsy/m/n on input line 54.
LaTeX Font Info:    ... okay on input line 54.
LaTeX Font Info:    Checking defaults for OT1/cmr/m/n on input line 54.
LaTeX Font Info:    ... okay on input line 54.
LaTeX Font Info:    Checking defaults for T1/cmr/m/n on input line 54.
LaTeX Font Info:    ... okay on input line 54.
LaTeX Font Info:    Checking defaults for TS1/cmr/m/n on input line 54.
LaTeX Font Info:    ... okay on input line 54.
LaTeX Font Info:    Checking defaults for OMX/cmex/m/n on input line 54.
LaTeX Font Info:    ... okay on input line 54.
LaTeX Font Info:    Checking defaults for U/cmr/m/n on input line 54.
LaTeX Font Info:    ... okay on input line 54.
LaTeX Font Info:    Checking defaults for PD1/pdf/m/n on input line 54.
LaTeX Font Info:    ... okay on input line 54.
LaTeX Font Info:    Checking defaults for PU/pdf/m/n on input line 54.
LaTeX Font Info:    ... okay on input line 54.
*geometry* driver: auto-detecting
*geometry* detected driver: dvips
*geometry* verbose mode - [ preamble ] result:
* driver: dvips
* paper: a4paper
* layout: <same size as paper>
* layoutoffset:(h,v)=(0.0pt,0.0pt)
* modes: twoside 
* h-part:(L,W,R)=(85.35826pt, 455.24411pt, 56.9055pt)
* v-part:(T,H,B)=(85.35826pt, 674.33032pt, 85.35826pt)
* \paperwidth=597.50787pt
* \paperheight=845.04684pt
* \textwidth=455.24411pt
* \textheight=674.33032pt
* \oddsidemargin=0.0pt
* \evensidemargin=0.0pt
* \topmargin=-18.78552pt
* \headheight=12.0pt
* \headsep=19.8738pt
* \topskip=11.0pt
* \footskip=27.46295pt
* \marginparwidth=116.0pt
* \marginparsep=7.0pt
* \columnsep=10.0pt
* \skip\footins=10.0pt plus 4.0pt minus 2.0pt
* \hoffset=0.0pt
* \voffset=0.0pt
* \mag=1000
* \@twocolumnfalse
* \@twosidetrue
* \@mparswitchtrue
* \@reversemarginfalse
* (1in=72.27pt=25.4mm, 1cm=28.453pt)

Package hyperref Info: Link coloring ON on input line 54.
Package caption Info: Begin \AtBeginDocument code.
Package caption Info: End \AtBeginDocument code.
--- file geostats.css ---


[1

]

[2

]

[3]

[1]

[2] (./geostats.4ct

[3

]

[4]) (./introduction.tex

[5]

[6]
Chapter 1.


[7

]

[8]

[9]) (./plotting.tex

[10]
Chapter 2.
--- file geostats2.html ---
l.52 --- TeX4ht warning --- File `"../figures/anscombe.xbb"' not found ---
l.52 --- TeX4ht warning --- Cannot determine size of graphic in "../figures/ans
combe.xbb" (no BoundingBox) ---
l. 52 --- needs --- ../figures/anscombe-.png ---


[11


]
l.132 --- TeX4ht warning --- File `"../figures/discrete.xbb"' not found ---
l.132 --- TeX4ht warning --- Cannot determine size of graphic in "../figures/di
screte.xbb" (no BoundingBox) ---
l. 132 --- needs --- ../figures/discrete-.png ---


[12]
--- file geostats3.html ---
l.174 --- TeX4ht warning --- File `"../figures/continuous.xbb"' not found ---
l.174 --- TeX4ht warning --- Cannot determine size of graphic in "../figures/co
ntinuous.xbb" (no BoundingBox) ---
l. 174 --- needs --- ../figures/continuous-.png ---


[13]
l.205 --- TeX4ht warning --- File `"../figures/binwidth.xbb"' not found ---
l.205 --- TeX4ht warning --- Cannot determine size of graphic in "../figures/bi
nwidth.xbb" (no BoundingBox) ---
l. 205 --- needs --- ../figures/binwidth-.png ---
l. 218 Writing geostats.idv[1] (geostats0x.svg)
l. 227 Writing geostats.idv[2] (geostats1x.svg)


[14]
l.240 --- TeX4ht warning --- File `"../figures/binpos.xbb"' not found ---
l.240 --- TeX4ht warning --- Cannot determine size of graphic in "../figures/bi
npos.xbb" (no BoundingBox) ---
l. 240 --- needs --- ../figures/binpos-.png ---
l.266 --- TeX4ht warning --- File `"../figures/rectKDE.xbb"' not found ---
l.266 --- TeX4ht warning --- Cannot determine size of graphic in "../figures/re
ctKDE.xbb" (no BoundingBox) ---
l. 266 --- needs --- ../figures/rectKDE-.png ---
l. 282 Writing geostats.idv[3] (geostats2x.svg)


[15]
l. 292 Writing geostats.idv[4] (geostats3x.svg)
l.300 --- TeX4ht warning --- File `"../figures/pHrectKDE.xbb"' not found ---
l.300 --- TeX4ht warning --- Cannot determine size of graphic in "../figures/pH
rectKDE.xbb" (no BoundingBox) ---
l. 300 --- needs --- ../figures/pHrectKDE-.png ---
l. 314 Writing geostats.idv[5] (geostats4x.svg)


[16]
l.322 --- TeX4ht warning --- File `"../figures/gaussKDE.xbb"' not found ---
l.322 --- TeX4ht warning --- Cannot determine size of graphic in "../figures/ga
ussKDE.xbb" (no BoundingBox) ---
l. 322 --- needs --- ../figures/gaussKDE-.png ---
l.335 --- TeX4ht warning --- File `"../figures/pHgaussKDE.xbb"' not found ---
l.335 --- TeX4ht warning --- Cannot determine size of graphic in "../figures/pH
gaussKDE.xbb" (no BoundingBox) ---
l. 335 --- needs --- ../figures/pHgaussKDE-.png ---
l.352 --- TeX4ht warning --- File `"../figures/bandwidth.xbb"' not found ---
l.352 --- TeX4ht warning --- Cannot determine size of graphic in "../figures/ba
ndwidth.xbb" (no BoundingBox) ---
l. 352 --- needs --- ../figures/bandwidth-.png ---
l.378 --- TeX4ht warning --- File `"../figures/negativeKDE.xbb"' not found ---
l.378 --- TeX4ht warning --- Cannot determine size of graphic in "../figures/ne
gativeKDE.xbb" (no BoundingBox) ---
l. 378 --- needs --- ../figures/negativeKDE-.png ---


[17]
l. 390 Writing geostats.idv[6] (geostats5x.svg)
--- file geostats4.html ---
l. 397 Writing geostats.idv[7] (geostats6x.svg)
l. 399 Writing geostats.idv[8] (geostats7x.svg)
l.404 --- TeX4ht warning --- File `"../figures/logKDE.xbb"' not found ---
l.404 --- TeX4ht warning --- Cannot determine size of graphic in "../figures/lo
gKDE.xbb" (no BoundingBox) ---
l. 404 --- needs --- ../figures/logKDE-.png ---
l.422 --- TeX4ht warning --- File `"../figures/vegetationKDE.xbb"' not found --
-
l.422 --- TeX4ht warning --- Cannot determine size of graphic in "../figures/ve
getationKDE.xbb" (no BoundingBox) ---
l. 422 --- needs --- ../figures/vegetationKDE-.png ---


[18

]
l. 436 Writing geostats.idv[9] (geostats8x.svg)
l. 445 Writing geostats.idv[10] (geostats9x.svg)
l.451 --- TeX4ht warning --- File `"../figures/logitKDE.xbb"' not found ---
l.451 --- TeX4ht warning --- Cannot determine size of graphic in "../figures/lo
gitKDE.xbb" (no BoundingBox) ---
l. 451 --- needs --- ../figures/logitKDE-.png ---


[19]
l.477 --- TeX4ht warning --- File `"../figures/KDE2D.xbb"' not found ---
l.477 --- TeX4ht warning --- Cannot determine size of graphic in "../figures/KD
E2D.xbb" (no BoundingBox) ---
l. 477 --- needs --- ../figures/KDE2D-.png ---


[20]
l. 519 Writing geostats.idv[11] (geostats10x.svg)
l.530 --- TeX4ht warning --- File `"../figures/ECDFs.xbb"' not found ---
l.530 --- TeX4ht warning --- Cannot determine size of graphic in "../figures/EC
DFs.xbb" (no BoundingBox) ---
l. 530 --- needs --- ../figures/ECDFs-.png ---
) (./summary-statistics.tex

[21]

[22

]
Chapter 3.
l. 36 Writing geostats.idv[12] (geostats11x.svg)


[23]
l. 43 Writing geostats.idv[13] (geostats12x.svg)
l. 61 Writing geostats.idv[14] (geostats13x.svg)
l.84 --- TeX4ht warning --- File `"../figures/pHlocation.xbb"' not found ---
l.84 --- TeX4ht warning --- Cannot determine size of graphic in "../figures/pHl
ocation.xbb" (no BoundingBox) ---
l. 84 --- needs --- ../figures/pHlocation-.png ---


[24]
l.98 --- TeX4ht warning --- File `"../figures/CaMglocation.xbb"' not found ---
l.98 --- TeX4ht warning --- Cannot determine size of graphic in "../figures/CaM
glocation.xbb" (no BoundingBox) ---
l. 98 --- needs --- ../figures/CaMglocation-.png ---
l.111 --- TeX4ht warning --- File `"../figures/vegetationlocation.xbb"' not fou
nd ---
l.111 --- TeX4ht warning --- Cannot determine size of graphic in "../figures/ve
getationlocation.xbb" (no BoundingBox) ---
l. 111 --- needs --- ../figures/vegetationlocation-.png ---
l.112 --- TeX4ht warning --- File `"../figures/eruptionslocation.xbb"' not foun
d ---
l.112 --- TeX4ht warning --- Cannot determine size of graphic in "../figures/er
uptionslocation.xbb" (no BoundingBox) ---
l. 112 --- needs --- ../figures/eruptionslocation-.png ---


[25]
l. 150 Writing geostats.idv[15] (geostats14x.svg)
l. 162 Writing geostats.idv[16] (geostats15x.svg)


[26]
l. 201 Writing geostats.idv[17] (geostats16x.svg)
l. 206 Writing geostats.idv[18] (geostats17x.svg)


[27]
l.244 --- TeX4ht warning --- File `"../figures/IQRpH.xbb"' not found ---
l.244 --- TeX4ht warning --- Cannot determine size of graphic in "../figures/IQ
RpH.xbb" (no BoundingBox) ---
l. 244 --- needs --- ../figures/IQRpH-.png ---
l. 259 Writing geostats.idv[19] (geostats18x.svg)
l.268 --- TeX4ht warning --- File `"../figures/skewness.xbb"' not found ---
l.268 --- TeX4ht warning --- Cannot determine size of graphic in "../figures/sk
ewness.xbb" (no BoundingBox) ---
l. 268 --- needs --- ../figures/skewness-.png ---


[28]
l.296 --- TeX4ht warning --- File `"../figures/boxplot.xbb"' not found ---
l.296 --- TeX4ht warning --- Cannot determine size of graphic in "../figures/bo
xplot.xbb" (no BoundingBox) ---
l. 296 --- needs --- ../figures/boxplot-.png ---
) (./probability.tex

[29]

[30

]
Chapter 4.
l. 8 Writing geostats.idv[20] (geostats19x.svg)
l. 15 Writing geostats.idv[21] (geostats20x.svg)
l. 25 Writing geostats.idv[22] (geostats21x.svg)


[31]
LaTeX Font Info:    Trying to load font information for U+ifsym on input line 3
6.
(/usr/share/texlive/texmf-dist/tex/latex/ifsym/uifsym.fd)
l. 38 Writing geostats.idv[23] (geostats22x.svg)
--- file geostats5.html ---
l. 80 Writing geostats.idv[24] (geostats23x.svg)


[32

]
l. 90 Writing geostats.idv[25] (geostats24x.svg)
l. 97 Writing geostats.idv[26] (geostats25x.svg)
l. 105 Writing geostats.idv[27] (geostats26x.svg)
l. 113 Writing geostats.idv[28] (geostats27x.svg)


[33]
l. 133 Writing geostats.idv[29] (geostats28x.svg)
l. 146 Writing geostats.idv[30] (geostats29x.svg)


[34]
l. 174 Writing geostats.idv[31] (geostats30x.svg)
l. 179 Writing geostats.idv[32] (geostats31x.svg)


[35]
l. 197 Writing geostats.idv[33] (geostats32x.svg)
(/usr/share/texlive/texmf-dist/tex/latex/utfsym/usym1F0A1.tikz) (/usr/share/tex
live/texmf-dist/tex/latex/utfsym/usym1F0C6.tikz) (/usr/share/texlive/texmf-dist
/tex/latex/utfsym/usym1F0BE.tikz)
l. 204 Writing geostats.idv[34] (geostats33x.svg)
(/usr/share/texlive/texmf-dist/tex/latex/utfsym/usym1F0A1.tikz) (/usr/share/tex
live/texmf-dist/tex/latex/utfsym/usym1F0C6.tikz) (/usr/share/texlive/texmf-dist
/tex/latex/utfsym/usym1F0BE.tikz) (/usr/share/texlive/texmf-dist/tex/latex/utfs
ym/usym1F0A1.tikz) (/usr/share/texlive/texmf-dist/tex/latex/utfsym/usym1F0BE.ti
kz) (/usr/share/texlive/texmf-dist/tex/latex/utfsym/usym1F0C6.tikz) (/usr/share
/texlive/texmf-dist/tex/latex/utfsym/usym1F0C6.tikz) (/usr/share/texlive/texmf-
dist/tex/latex/utfsym/usym1F0A1.tikz) (/usr/share/texlive/texmf-dist/tex/latex/
utfsym/usym1F0BE.tikz) (/usr/share/texlive/texmf-dist/tex/latex/utfsym/usym1F0C
6.tikz) (/usr/share/texlive/texmf-dist/tex/latex/utfsym/usym1F0BE.tikz) (/usr/s
hare/texlive/texmf-dist/tex/latex/utfsym/usym1F0A1.tikz) (/usr/share/texlive/te
xmf-dist/tex/latex/utfsym/usym1F0BE.tikz) (/usr/share/texlive/texmf-dist/tex/la
tex/utfsym/usym1F0A1.tikz) (/usr/share/texlive/texmf-dist/tex/latex/utfsym/usym
1F0C6.tikz) (/usr/share/texlive/texmf-dist/tex/latex/utfsym/usym1F0BE.tikz) (/u
sr/share/texlive/texmf-dist/tex/latex/utfsym/usym1F0C6.tikz) (/usr/share/texliv
e/texmf-dist/tex/latex/utfsym/usym1F0A1.tikz)

[36]
l. 248 Writing geostats.idv[35] (geostats34x.svg)
l. 259 Writing geostats.idv[36] (geostats35x.svg)
l. 260 Writing geostats.idv[37] (geostats36x.svg)
l. 267 Writing geostats.idv[38] (geostats37x.svg)


[37]
l. 274 Writing geostats.idv[39] (geostats38x.svg)
l. 281 Writing geostats.idv[40] (geostats39x.svg)
l. 295 Writing geostats.idv[41] (geostats40x.svg)


[38]
l. 308 Writing geostats.idv[42] (geostats41x.svg)
l. 321 Writing geostats.idv[43] (geostats42x.svg)


[39]
--- file geostats6.html ---
l. 334 Writing geostats.idv[44] (geostats43x.svg)
l. 340 Writing geostats.idv[45] (geostats44x.svg)
l. 347 Writing geostats.idv[46] (geostats45x.svg)


[40

]
l. 355 Writing geostats.idv[47] (geostats46x.svg)
) (./binomial.tex

[41]

[42

]
Chapter 5.
l. 19 Writing geostats.idv[48] (geostats47x.svg)
l. 24 Writing geostats.idv[49] (geostats48x.svg)
l.35 --- TeX4ht warning --- \HRestore\begin  ? ---


[43]
l. 38 Writing geostats.idv[50] (geostats49x.svg)
l.49 --- TeX4ht warning --- \HRestore\begin  ? ---
l. 49 Writing geostats.idv[51] (geostats50x.svg)
l. 49 Writing geostats.idv[52] (geostats51x.svg)
l. 49 Writing geostats.idv[53] (geostats52x.svg)
l. 49 Writing geostats.idv[54] (geostats53x.svg)


[44]
l.55 --- TeX4ht warning --- File `"../figures/goldbarplot.xbb"' not found ---
l.55 --- TeX4ht warning --- Cannot determine size of graphic in "../figures/gol
dbarplot.xbb" (no BoundingBox) ---
l. 55 --- needs --- ../figures/goldbarplot-.png ---
l. 69 Writing geostats.idv[55] (geostats54x.svg)
l. 77 Writing geostats.idv[56] (geostats55x.svg)
l.83 --- TeX4ht warning --- File `"../figures/goldCDF.xbb"' not found ---
l.83 --- TeX4ht warning --- Cannot determine size of graphic in "../figures/gol
dCDF.xbb" (no BoundingBox) ---
l. 83 --- needs --- ../figures/goldCDF-.png ---


[45]
l. 104 Writing geostats.idv[57] (geostats56x.svg)
l. 118 Writing geostats.idv[58] (geostats57x.svg)
l. 123 Writing geostats.idv[59] (geostats58x.svg)


[46]
l. 128 Writing geostats.idv[60] (geostats59x.svg)
l. 128 Writing geostats.idv[61] (geostats60x.svg)
l. 130 Writing geostats.idv[62] (geostats61x.svg)
l. 131 Writing geostats.idv[63] (geostats62x.svg)
l. 135 Writing geostats.idv[64] (geostats63x.svg)
l. 135 Writing geostats.idv[65] (geostats64x.svg)
l. 136 Writing geostats.idv[66] (geostats65x.svg)
l. 140 Writing geostats.idv[67] (geostats66x.svg)
l. 141 Writing geostats.idv[68] (geostats67x.svg)


[47]
l. 149 Writing geostats.idv[69] (geostats68x.svg)
l. 167 Writing geostats.idv[70] (geostats69x.svg)
--- file geostats7.html ---


[48]
l. 243 Writing geostats.idv[71] (geostats70x.svg)
l. 251 Writing geostats.idv[72] (geostats71x.svg)


[49]
l.267 --- TeX4ht warning --- File `"../figures/1sidedbinomialrejection5.xbb"' n
ot found ---
l.267 --- TeX4ht warning --- Cannot determine size of graphic in "../figures/1s
idedbinomialrejection5.xbb" (no BoundingBox) ---
l. 267 --- needs --- ../figures/1sidedbinomialrejection5-.png ---


[50]
l. 347 Writing geostats.idv[73] (geostats72x.svg)
l.360 --- TeX4ht warning --- File `"../figures/2sidedbinomialrejection5.xbb"' n
ot found ---
l.360 --- TeX4ht warning --- Cannot determine size of graphic in "../figures/2s
idedbinomialrejection5.xbb" (no BoundingBox) ---
l. 360 --- needs --- ../figures/2sidedbinomialrejection5-.png ---


[51]
l. 387 Writing geostats.idv[74] (geostats73x.svg)
l. 415 Writing geostats.idv[75] (geostats74x.svg)
l.423 --- TeX4ht warning --- File `"../figures/1sidedbinomialrejection15.xbb"' 
not found ---
l.423 --- TeX4ht warning --- Cannot determine size of graphic in "../figures/1s
idedbinomialrejection15.xbb" (no BoundingBox) ---
l. 423 --- needs --- ../figures/1sidedbinomialrejection15-.png ---


[52]
l. 465 Writing geostats.idv[76] (geostats75x.svg)
l.475 --- TeX4ht warning --- File `"../figures/2sidedbinomialrejection15.xbb"' 
not found ---
l.475 --- TeX4ht warning --- Cannot determine size of graphic in "../figures/2s
idedbinomialrejection15.xbb" (no BoundingBox) ---
l. 475 --- needs --- ../figures/2sidedbinomialrejection15-.png ---


[53]
l.495 --- TeX4ht warning --- File `"../figures/binomialrejection30.xbb"' not fo
und ---
l.495 --- TeX4ht warning --- Cannot determine size of graphic in "../figures/bi
nomialrejection30.xbb" (no BoundingBox) ---
l. 495 --- needs --- ../figures/binomialrejection30-.png ---


[54]

[55]
l. 610 Writing geostats.idv[77] (geostats76x.svg)
l.629 --- TeX4ht warning --- File `"../figures/binompower1.xbb"' not found ---
l.629 --- TeX4ht warning --- Cannot determine size of graphic in "../figures/bi
nompower1.xbb" (no BoundingBox) ---
l. 629 --- needs --- ../figures/binompower1-.png ---


[56]
l.658 --- TeX4ht warning --- File `"../figures/binompower2.xbb"' not found ---
l.658 --- TeX4ht warning --- Cannot determine size of graphic in "../figures/bi
nompower2.xbb" (no BoundingBox) ---
l. 658 --- needs --- ../figures/binompower2-.png ---


[57]

[58]
l.762 --- TeX4ht warning --- File `"../figures/binompvsn.xbb"' not found ---
l.762 --- TeX4ht warning --- Cannot determine size of graphic in "../figures/bi
nompvsn.xbb" (no BoundingBox) ---
l. 762 --- needs --- ../figures/binompvsn-.png ---
l. 773 Writing geostats.idv[78] (geostats77x.svg)
l. 773 Writing geostats.idv[79] (geostats78x.svg)
l. 773 Writing geostats.idv[80] (geostats79x.svg)
l. 773 Writing geostats.idv[81] (geostats80x.svg)
l. 773 Writing geostats.idv[82] (geostats81x.svg)
l. 773 Writing geostats.idv[83] (geostats82x.svg)
l. 773 Writing geostats.idv[84] (geostats83x.svg)
l. 773 Writing geostats.idv[85] (geostats84x.svg)
l. 818 Writing geostats.idv[86] (geostats85x.svg)


[59]
l. 828 Writing geostats.idv[87] (geostats86x.svg)
l. 845 Writing geostats.idv[88] (geostats87x.svg)


[60]
l. 860 Writing geostats.idv[89] (geostats88x.svg)
l.865 --- TeX4ht warning --- File `"../figures/binomcik2n5.xbb"' not found ---
l.865 --- TeX4ht warning --- Cannot determine size of graphic in "../figures/bi
nomcik2n5.xbb" (no BoundingBox) ---
l. 865 --- needs --- ../figures/binomcik2n5-.png ---
l. 873 Writing geostats.idv[90] (geostats89x.svg)
l. 873 Writing geostats.idv[91] (geostats90x.svg)
l. 879 Writing geostats.idv[92] (geostats91x.svg)
l.884 --- TeX4ht warning --- File `"../figures/binomcik4n5.xbb"' not found ---
l.884 --- TeX4ht warning --- Cannot determine size of graphic in "../figures/bi
nomcik4n5.xbb" (no BoundingBox) ---
l. 884 --- needs --- ../figures/binomcik4n5-.png ---
l. 890 Writing geostats.idv[93] (geostats92x.svg)
l. 890 Writing geostats.idv[94] (geostats93x.svg)
l. 896 Writing geostats.idv[95] (geostats94x.svg)


[61]
l. 898 Writing geostats.idv[96] (geostats95x.svg)
l.903 --- TeX4ht warning --- File `"../figures/binomcik12n30.xbb"' not found --
-
l.903 --- TeX4ht warning --- Cannot determine size of graphic in "../figures/bi
nomcik12n30.xbb" (no BoundingBox) ---
l. 903 --- needs --- ../figures/binomcik12n30-.png ---
l. 909 Writing geostats.idv[97] (geostats96x.svg)
l. 909 Writing geostats.idv[98] (geostats97x.svg)
l. 915 Writing geostats.idv[99] (geostats98x.svg)
l.919 --- TeX4ht warning --- File `"../figures/binomcivsn.xbb"' not found ---
l.919 --- TeX4ht warning --- Cannot determine size of graphic in "../figures/bi
nomcivsn.xbb" (no BoundingBox) ---
l. 919 --- needs --- ../figures/binomcivsn-.png ---
l. 925 Writing geostats.idv[100] (geostats99x.svg)
l. 925 Writing geostats.idv[101] (geostats100x.svg)
l. 925 Writing geostats.idv[102] (geostats101x.svg)
l. 925 Writing geostats.idv[103] (geostats102x.svg)
l. 939 Writing geostats.idv[104] (geostats103x.svg)


[62]
l. 946 Writing geostats.idv[105] (geostats104x.svg)
) (./poisson.tex

[63]

[64

]
Chapter 6.
--- file geostats8.html ---
l.12 --- TeX4ht warning --- File `"../figures/declusteredquakes.xbb"' not found
 ---
l.12 --- TeX4ht warning --- Cannot determine size of graphic in "../figures/dec
lusteredquakes.xbb" (no BoundingBox) ---
l. 12 --- needs --- ../figures/declusteredquakes-.png ---
l.23 --- TeX4ht warning --- File `"../figures/declusteredquakesperyear.xbb"' no
t found ---
l.23 --- TeX4ht warning --- Cannot determine size of graphic in "../figures/dec
lusteredquakesperyear.xbb" (no BoundingBox) ---
l. 23 --- needs --- ../figures/declusteredquakesperyear-.png ---
l.46 --- TeX4ht warning --- File `"../figures/zircons.xbb"' not found ---
l.46 --- TeX4ht warning --- Cannot determine size of graphic in "../figures/zir
cons.xbb" (no BoundingBox) ---
l. 46 --- needs --- ../figures/zircons-.png ---
l.54 --- TeX4ht warning --- File `"../figures/zirconcounts.xbb"' not found ---
l.54 --- TeX4ht warning --- Cannot determine size of graphic in "../figures/zir
concounts.xbb" (no BoundingBox) ---
l. 54 --- needs --- ../figures/zirconcounts-.png ---
l.62 --- TeX4ht warning --- File `"../figures/zirconhist.xbb"' not found ---
l.62 --- TeX4ht warning --- Cannot determine size of graphic in "../figures/zir
conhist.xbb" (no BoundingBox) ---
l. 62 --- needs --- ../figures/zirconhist-.png ---


[65

]
l. 100 Writing geostats.idv[106] (geostats105x.svg)
l.109 --- TeX4ht warning --- File `"../figures/increasinglambda.xbb"' not found
 ---
l.109 --- TeX4ht warning --- Cannot determine size of graphic in "../figures/in
creasinglambda.xbb" (no BoundingBox) ---
l. 109 --- needs --- ../figures/increasinglambda-.png ---


[66]
l. 151 Writing geostats.idv[107] (geostats106x.svg)
l. 159 Writing geostats.idv[108] (geostats107x.svg)


[67]
l. 164 Writing geostats.idv[109] (geostats108x.svg)
l. 170 Writing geostats.idv[110] (geostats109x.svg)
l. 175 Writing geostats.idv[111] (geostats110x.svg)
l. 177 Writing geostats.idv[112] (geostats111x.svg)


[68]
l. 183 Writing geostats.idv[113] (geostats112x.svg)
l. 188 Writing geostats.idv[114] (geostats113x.svg)


[69]
l.266 --- TeX4ht warning --- File `"../figures/poishyp.xbb"' not found ---
l.266 --- TeX4ht warning --- Cannot determine size of graphic in "../figures/po
ishyp.xbb" (no BoundingBox) ---
l. 266 --- needs --- ../figures/poishyp-.png ---


[70]
l.297 --- TeX4ht warning --- \Link{x1-15003r4}? ---


[71]
l.354 --- TeX4ht warning --- File `"../figures/poisci.xbb"' not found ---
l.354 --- TeX4ht warning --- Cannot determine size of graphic in "../figures/po
isci.xbb" (no BoundingBox) ---
l. 354 --- needs --- ../figures/poisci-.png ---
l.369 --- TeX4ht warning --- File `"../figures/poiserrbars.xbb"' not found ---
l.369 --- TeX4ht warning --- Cannot determine size of graphic in "../figures/po
iserrbars.xbb" (no BoundingBox) ---
l. 369 --- needs --- ../figures/poiserrbars-.png ---
l. 373 Writing geostats.idv[115] (geostats114x.svg)
l. 373 Writing geostats.idv[116] (geostats115x.svg)
) (./normal.tex

[72]
Chapter 7.
l. 16 Writing geostats.idv[117] (geostats116x.svg)
l. 27 Writing geostats.idv[118] (geostats117x.svg)


[73

]
l. 41 Writing geostats.idv[119] (geostats118x.svg)
l. 57 Writing geostats.idv[120] (geostats119x.svg)


[74]
l. 64 Writing geostats.idv[121] (geostats120x.svg)
l.77 --- TeX4ht warning --- File `"../figures/quakerug.xbb"' not found ---
l.77 --- TeX4ht warning --- Cannot determine size of graphic in "../figures/qua
kerug.xbb" (no BoundingBox) ---
l. 77 --- needs --- ../figures/quakerug-.png ---
l.96 --- TeX4ht warning --- File `"../figures/CLTfaithful1.xbb"' not found ---
l.96 --- TeX4ht warning --- Cannot determine size of graphic in "../figures/CLT
faithful1.xbb" (no BoundingBox) ---
l. 96 --- needs --- ../figures/CLTfaithful1-.png ---
l.111 --- TeX4ht warning --- File `"../figures/CLTfaithful2.xbb"' not found ---

l.111 --- TeX4ht warning --- Cannot determine size of graphic in "../figures/CL
Tfaithful2.xbb" (no BoundingBox) ---
l. 111 --- needs --- ../figures/CLTfaithful2-.png ---


[75]
l.124 --- TeX4ht warning --- File `"../figures/CLTfaithful3.xbb"' not found ---

l.124 --- TeX4ht warning --- Cannot determine size of graphic in "../figures/CL
Tfaithful3.xbb" (no BoundingBox) ---
l. 124 --- needs --- ../figures/CLTfaithful3-.png ---
l.137 --- TeX4ht warning --- File `"../figures/CLTfaithful10.xbb"' not found --
-
l.137 --- TeX4ht warning --- Cannot determine size of graphic in "../figures/CL
Tfaithful10.xbb" (no BoundingBox) ---
l. 137 --- needs --- ../figures/CLTfaithful10-.png ---
l. 150 Writing geostats.idv[122] (geostats121x.svg)
l.171 --- TeX4ht warning --- File `"../figures/galtonsbeanmachine.xbb"' not fou
nd ---
l.171 --- TeX4ht warning --- Cannot determine size of graphic in "../figures/ga
ltonsbeanmachine.xbb" (no BoundingBox) ---
l. 171 --- needs --- ../figures/galtonsbeanmachine-.png ---


[76]
l.208 --- TeX4ht warning --- File `"../figures/pop2d.xbb"' not found ---
l.208 --- TeX4ht warning --- Cannot determine size of graphic in "../figures/po
p2d.xbb" (no BoundingBox) ---
l. 208 --- needs --- ../figures/pop2d-.png ---
l.218 --- TeX4ht warning --- File `"../figures/rand2d.xbb"' not found ---
l.218 --- TeX4ht warning --- Cannot determine size of graphic in "../figures/ra
nd2d.xbb" (no BoundingBox) ---
l. 218 --- needs --- ../figures/rand2d-.png ---
l.230 --- TeX4ht warning --- File `"../figures/rand2dsum.xbb"' not found ---
l.230 --- TeX4ht warning --- Cannot determine size of graphic in "../figures/ra
nd2dsum.xbb" (no BoundingBox) ---
l. 230 --- needs --- ../figures/rand2dsum-.png ---


[77]
l. 244 Writing geostats.idv[123] (geostats122x.svg)
l.275 --- TeX4ht warning --- File `"../figures/norm2dmarginal.xbb"' not found -
--
l.275 --- TeX4ht warning --- Cannot determine size of graphic in "../figures/no
rm2dmarginal.xbb" (no BoundingBox) ---
l. 275 --- needs --- ../figures/norm2dmarginal-.png ---


[78]
l.306 --- TeX4ht warning --- File `"../figures/musigma.xbb"' not found ---
l.306 --- TeX4ht warning --- Cannot determine size of graphic in "../figures/mu
sigma.xbb" (no BoundingBox) ---
l. 306 --- needs --- ../figures/musigma-.png ---
l.320 --- TeX4ht warning --- File `"../figures/2sigma.xbb"' not found ---
l.320 --- TeX4ht warning --- Cannot determine size of graphic in "../figures/2s
igma.xbb" (no BoundingBox) ---
l. 320 --- needs --- ../figures/2sigma-.png ---
l.334 --- TeX4ht warning --- File `"../figures/cov.xbb"' not found ---
l.334 --- TeX4ht warning --- Cannot determine size of graphic in "../figures/co
v.xbb" (no BoundingBox) ---
l. 334 --- needs --- ../figures/cov-.png ---
l. 357 Writing geostats.idv[124] (geostats123x.svg)


[79]
l. 365 Writing geostats.idv[125] (geostats124x.svg)
l. 377 Writing geostats.idv[126] (geostats125x.svg)


[80]
l. 388 Writing geostats.idv[127] (geostats126x.svg)
l. 404 Writing geostats.idv[128] (geostats127x.svg)


[81]
l. 430 Writing geostats.idv[129] (geostats128x.svg)
l. 436 Writing geostats.idv[130] (geostats129x.svg)
) (./errorprop.tex

[82]
Chapter 8.
l.22 --- TeX4ht warning --- File `"../figures/accuracyvsprecision.xbb"' not fou
nd ---
l.22 --- TeX4ht warning --- Cannot determine size of graphic in "../figures/acc
uracyvsprecision.xbb" (no BoundingBox) ---
l. 22 --- needs --- ../figures/accuracyvsprecision-.png ---
l. 45 Writing geostats.idv[131] (geostats130x.svg)


[83

]
l. 62 Writing geostats.idv[132] (geostats131x.svg)
--- file geostats9.html ---
l. 71 Writing geostats.idv[133] (geostats132x.svg)
l.77 --- TeX4ht warning --- File `"../figures/errorprop2d.xbb"' not found ---
l.77 --- TeX4ht warning --- Cannot determine size of graphic in "../figures/err
orprop2d.xbb" (no BoundingBox) ---
l. 77 --- needs --- ../figures/errorprop2d-.png ---


[84

]
l. 94 Writing geostats.idv[134] (geostats133x.svg)
l. 113 Writing geostats.idv[135] (geostats134x.svg)


[85]
l. 127 Writing geostats.idv[136] (geostats135x.svg)
l. 134 Writing geostats.idv[137] (geostats136x.svg)
l. 142 Writing geostats.idv[138] (geostats137x.svg)


[86]
l. 151 Writing geostats.idv[139] (geostats138x.svg)
l.180 --- TeX4ht warning --- File `"../figures/errorprop3d.xbb"' not found ---
l.180 --- TeX4ht warning --- Cannot determine size of graphic in "../figures/er
rorprop3d.xbb" (no BoundingBox) ---
l. 180 --- needs --- ../figures/errorprop3d-.png ---


[87]
l. 217 Writing geostats.idv[140] (geostats139x.svg)
l. 223 Writing geostats.idv[141] (geostats140x.svg)
l. 228 Writing geostats.idv[142] (geostats141x.svg)


[88]
l. 237 Writing geostats.idv[143] (geostats142x.svg)
l. 243 Writing geostats.idv[144] (geostats143x.svg)
l. 249 Writing geostats.idv[145] (geostats144x.svg)


[89]
l. 258 Writing geostats.idv[146] (geostats145x.svg)
l. 263 Writing geostats.idv[147] (geostats146x.svg)
l. 269 Writing geostats.idv[148] (geostats147x.svg)


[90]
l. 274 Writing geostats.idv[149] (geostats148x.svg)
l. 282 Writing geostats.idv[150] (geostats149x.svg)
l. 295 Writing geostats.idv[151] (geostats150x.svg)


[91]
l. 300 Writing geostats.idv[152] (geostats151x.svg)
l. 306 Writing geostats.idv[153] (geostats152x.svg)
l. 313 Writing geostats.idv[154] (geostats153x.svg)
l. 314 Writing geostats.idv[155] (geostats154x.svg)
l. 323 Writing geostats.idv[156] (geostats155x.svg)


[92]
l. 334 Writing geostats.idv[157] (geostats156x.svg)
l. 339 Writing geostats.idv[158] (geostats157x.svg)
l. 344 Writing geostats.idv[159] (geostats158x.svg)
l. 348 Writing geostats.idv[160] (geostats159x.svg)


[93]
l. 349 Writing geostats.idv[161] (geostats160x.svg)
l. 355 Writing geostats.idv[162] (geostats161x.svg)
l. 361 Writing geostats.idv[163] (geostats162x.svg)
l. 366 Writing geostats.idv[164] (geostats163x.svg)


[94]
l. 371 Writing geostats.idv[165] (geostats164x.svg)
l. 377 Writing geostats.idv[166] (geostats165x.svg)
l. 382 Writing geostats.idv[167] (geostats166x.svg)


[95]
l. 387 Writing geostats.idv[168] (geostats167x.svg)
l. 391 Writing geostats.idv[169] (geostats168x.svg)
l. 392 Writing geostats.idv[170] (geostats169x.svg)
l. 397 Writing geostats.idv[171] (geostats170x.svg)


[96]
l. 408 Writing geostats.idv[172] (geostats171x.svg)
l. 419 Writing geostats.idv[173] (geostats172x.svg)
l. 425 Writing geostats.idv[174] (geostats173x.svg)


[97]
l. 432 Writing geostats.idv[175] (geostats174x.svg)
l. 439 Writing geostats.idv[176] (geostats175x.svg)
l. 446 Writing geostats.idv[177] (geostats176x.svg)
l. 452 Writing geostats.idv[178] (geostats177x.svg)


[98]
l. 461 Writing geostats.idv[179] (geostats178x.svg)
l. 467 Writing geostats.idv[180] (geostats179x.svg)
l. 473 Writing geostats.idv[181] (geostats180x.svg)


[99]
l. 479 Writing geostats.idv[182] (geostats181x.svg)
--- file geostats10.html ---
l. 493 Writing geostats.idv[183] (geostats182x.svg)
--- file geostats11.html ---
l. 504 Writing geostats.idv[184] (geostats183x.svg)


[100]
l. 531 Writing geostats.idv[185] (geostats184x.svg)
l. 537 Writing geostats.idv[186] (geostats185x.svg)


[101]
l. 544 Writing geostats.idv[187] (geostats186x.svg)
l. 550 Writing geostats.idv[188] (geostats187x.svg)
l. 566 Writing geostats.idv[189] (geostats188x.svg)


[102]
l. 582 Writing geostats.idv[190] (geostats189x.svg)
l. 593 Writing geostats.idv[191] (geostats190x.svg)
l. 603 Writing geostats.idv[192] (geostats191x.svg)
l. 612 Writing geostats.idv[193] (geostats192x.svg)


[103]
l. 619 Writing geostats.idv[194] (geostats193x.svg)
l. 625 Writing geostats.idv[195] (geostats194x.svg)
l. 628 Writing geostats.idv[196] (geostats195x.svg)
l. 633 Writing geostats.idv[197] (geostats196x.svg)
l. 641 Writing geostats.idv[198] (geostats197x.svg)
l. 642 Writing geostats.idv[199] (geostats198x.svg)


[104]
l. 649 Writing geostats.idv[200] (geostats199x.svg)
l. 656 Writing geostats.idv[201] (geostats200x.svg)
l. 660 Writing geostats.idv[202] (geostats201x.svg)
l. 662 Writing geostats.idv[203] (geostats202x.svg)


[105]
l. 673 Writing geostats.idv[204] (geostats203x.svg)
l. 678 Writing geostats.idv[205] (geostats204x.svg)
l. 683 Writing geostats.idv[206] (geostats205x.svg)
l. 685 Writing geostats.idv[207] (geostats206x.svg)
l. 692 Writing geostats.idv[208] (geostats207x.svg)
) (./comparingdistributions.tex

[106]
Chapter 9.
l.28 --- TeX4ht warning --- File `"../figures/qqexplainer.xbb"' not found ---
l.28 --- TeX4ht warning --- Cannot determine size of graphic in "../figures/qqe
xplainer.xbb" (no BoundingBox) ---
l. 28 --- needs --- ../figures/qqexplainer-.png ---
l.47 --- TeX4ht warning --- File `"../figures/qqfaithful.xbb"' not found ---
l.47 --- TeX4ht warning --- Cannot determine size of graphic in "../figures/qqf
aithful.xbb" (no BoundingBox) ---
l. 47 --- needs --- ../figures/qqfaithful-.png ---


[107

]
l.70 --- TeX4ht warning --- File `"../figures/qqfaithful12.xbb"' not found ---
l.70 --- TeX4ht warning --- Cannot determine size of graphic in "../figures/qqf
aithful12.xbb" (no BoundingBox) ---
l. 70 --- needs --- ../figures/qqfaithful12-.png ---
l. 107 Writing geostats.idv[209] (geostats208x.svg)


[108]
l. 109 Writing geostats.idv[210] (geostats209x.svg)
l. 119 Writing geostats.idv[211] (geostats210x.svg)


[109]
l. 157 Writing geostats.idv[212] (geostats211x.svg)


[110]
l.207 --- TeX4ht warning --- File `"../figures/1samplettest.xbb"' not found ---

l.207 --- TeX4ht warning --- Cannot determine size of graphic in "../figures/1s
amplettest.xbb" (no BoundingBox) ---
l. 207 --- needs --- ../figures/1samplettest-.png ---
l. 265 Writing geostats.idv[213] (geostats212x.svg)


[111]
l. 273 Writing geostats.idv[214] (geostats213x.svg)
--- file geostats12.html ---


[112]
l.334 --- TeX4ht warning --- File `"../figures/2samplettest.xbb"' not found ---

l.334 --- TeX4ht warning --- Cannot determine size of graphic in "../figures/2s
amplettest.xbb" (no BoundingBox) ---
l. 334 --- needs --- ../figures/2samplettest-.png ---
l. 370 Writing geostats.idv[215] (geostats214x.svg)


[113]
l. 376 Writing geostats.idv[216] (geostats215x.svg)
l. 383 Writing geostats.idv[217] (geostats216x.svg)
l. 388 Writing geostats.idv[218] (geostats217x.svg)


[114]
l. 394 Writing geostats.idv[219] (geostats218x.svg)
l. 399 Writing geostats.idv[220] (geostats219x.svg)
l. 405 Writing geostats.idv[221] (geostats220x.svg)
l.425 --- TeX4ht warning --- File `"../figures/tdof.xbb"' not found ---
l.425 --- TeX4ht warning --- Cannot determine size of graphic in "../figures/td
of.xbb" (no BoundingBox) ---
l. 425 --- needs --- ../figures/tdof-.png ---


[115]
l. 453 Writing geostats.idv[222] (geostats221x.svg)
l.461 --- TeX4ht warning --- File `"../figures/normconf.xbb"' not found ---
l.461 --- TeX4ht warning --- Cannot determine size of graphic in "../figures/no
rmconf.xbb" (no BoundingBox) ---
l. 461 --- needs --- ../figures/normconf-.png ---


[116]

[117]
l. 545 Writing geostats.idv[223] (geostats222x.svg)
l. 573 Writing geostats.idv[224] (geostats223x.svg)


[118]
l.631 --- TeX4ht warning --- File `"../figures/chi2.xbb"' not found ---
l.631 --- TeX4ht warning --- Cannot determine size of graphic in "../figures/ch
i2.xbb" (no BoundingBox) ---
l. 631 --- needs --- ../figures/chi2-.png ---


[119]
l. 679 Writing geostats.idv[225] (geostats224x.svg)


[120]
l. 686 Writing geostats.idv[226] (geostats225x.svg)
l. 722 Writing geostats.idv[227] (geostats226x.svg)


[121]
l.774 --- TeX4ht warning --- File `"../figures/chi22.xbb"' not found ---
l.774 --- TeX4ht warning --- Cannot determine size of graphic in "../figures/ch
i22.xbb" (no BoundingBox) ---
l. 774 --- needs --- ../figures/chi22-.png ---


[122]
l.820 --- TeX4ht warning --- File `"../figures/cherrypicking.xbb"' not found --
-
l.820 --- TeX4ht warning --- Cannot determine size of graphic in "../figures/ch
errypicking.xbb" (no BoundingBox) ---
l. 820 --- needs --- ../figures/cherrypicking-.png ---


[123]

[124]
l. 900 Writing geostats.idv[228] (geostats227x.svg)


[125]
l. 972 Writing geostats.idv[229] (geostats228x.svg)


[126]
! Undefined control sequence.
\f:HBorder ...border-top:1px solid \#\hline:color 
                                                  ;"></td>
l.994     $
           o =$ & sample A & 0.1400 & 0.06835 & 0.06495 & 0.2268 \\
The control sequence at the end of the top line
of your error message was never \def'ed. If you have
misspelled it (e.g., `\hobx'), type `I' and the correct
spelling (e.g., `I\hbox'). Otherwise just continue,
and I'll forget about whatever was undefined.

! Undefined control sequence.
\f:HBorder ...border-top:1px solid \#\hline:color 
                                                  ;"></td>
l.994     $
           o =$ & sample A & 0.1400 & 0.06835 & 0.06495 & 0.2268 \\
The control sequence at the end of the top line
of your error message was never \def'ed. If you have
misspelled it (e.g., `\hobx'), type `I' and the correct
spelling (e.g., `I\hbox'). Otherwise just continue,
and I'll forget about whatever was undefined.

! Undefined control sequence.
\f:HBorder ...border-top:1px solid \#\hline:color 
                                                  ;"></td>
l.994     $
           o =$ & sample A & 0.1400 & 0.06835 & 0.06495 & 0.2268 \\
The control sequence at the end of the top line
of your error message was never \def'ed. If you have
misspelled it (e.g., `\hobx'), type `I' and the correct
spelling (e.g., `I\hbox'). Otherwise just continue,
and I'll forget about whatever was undefined.

! Undefined control sequence.
\f:HBorder ...border-top:1px solid \#\hline:color 
                                                  ;"></td>
l.994     $
           o =$ & sample A & 0.1400 & 0.06835 & 0.06495 & 0.2268 \\
The control sequence at the end of the top line
of your error message was never \def'ed. If you have
misspelled it (e.g., `\hobx'), type `I' and the correct
spelling (e.g., `I\hbox'). Otherwise just continue,
and I'll forget about whatever was undefined.

! Undefined control sequence.
\f:HBorder ...border-top:1px solid \#\hline:color 
                                                  ;"></td>
l.994     $
           o =$ & sample A & 0.1400 & 0.06835 & 0.06495 & 0.2268 \\
The control sequence at the end of the top line
of your error message was never \def'ed. If you have
misspelled it (e.g., `\hobx'), type `I' and the correct
spelling (e.g., `I\hbox'). Otherwise just continue,
and I'll forget about whatever was undefined.

! Undefined control sequence.
\f:HBorder ...border-top:1px solid \#\hline:color 
                                                  ;"></td>
l.1005     $
            e = $ & sample A & 0.1398 & 0.06922 & 0.06553 & 0.2255 \\
The control sequence at the end of the top line
of your error message was never \def'ed. If you have
misspelled it (e.g., `\hobx'), type `I' and the correct
spelling (e.g., `I\hbox'). Otherwise just continue,
and I'll forget about whatever was undefined.

! Undefined control sequence.
\f:HBorder ...border-top:1px solid \#\hline:color 
                                                  ;"></td>
l.1005     $
            e = $ & sample A & 0.1398 & 0.06922 & 0.06553 & 0.2255 \\
The control sequence at the end of the top line
of your error message was never \def'ed. If you have
misspelled it (e.g., `\hobx'), type `I' and the correct
spelling (e.g., `I\hbox'). Otherwise just continue,
and I'll forget about whatever was undefined.

! Undefined control sequence.
\f:HBorder ...border-top:1px solid \#\hline:color 
                                                  ;"></td>
l.1005     $
            e = $ & sample A & 0.1398 & 0.06922 & 0.06553 & 0.2255 \\
The control sequence at the end of the top line
of your error message was never \def'ed. If you have
misspelled it (e.g., `\hobx'), type `I' and the correct
spelling (e.g., `I\hbox'). Otherwise just continue,
and I'll forget about whatever was undefined.

! Undefined control sequence.
\f:HBorder ...border-top:1px solid \#\hline:color 
                                                  ;"></td>
l.1005     $
            e = $ & sample A & 0.1398 & 0.06922 & 0.06553 & 0.2255 \\
The control sequence at the end of the top line
of your error message was never \def'ed. If you have
misspelled it (e.g., `\hobx'), type `I' and the correct
spelling (e.g., `I\hbox'). Otherwise just continue,
and I'll forget about whatever was undefined.

! Undefined control sequence.
\f:HBorder ...border-top:1px solid \#\hline:color 
                                                  ;"></td>
l.1005     $
            e = $ & sample A & 0.1398 & 0.06922 & 0.06553 & 0.2255 \\
The control sequence at the end of the top line
of your error message was never \def'ed. If you have
misspelled it (e.g., `\hobx'), type `I' and the correct
spelling (e.g., `I\hbox'). Otherwise just continue,
and I'll forget about whatever was undefined.



[127]
l. 1075 Writing geostats.idv[230] (geostats229x.svg)


[128]
l. 1105 Writing geostats.idv[231] (geostats230x.svg)
l.1112 --- TeX4ht warning --- \Link{x1-44010r9.2}? ---
l.1123 --- TeX4ht warning --- \Link{x1-44010r9.2}? ---
l.1123 --- TeX4ht warning --- \Link{x1-44010r9.2}? ---


[129]
l. 1162 Writing geostats.idv[232] (geostats231x.svg)


[130]
l.1205 --- TeX4ht warning --- File `"../figures/wilcox.xbb"' not found ---
l.1205 --- TeX4ht warning --- Cannot determine size of graphic in "../figures/w
ilcox.xbb" (no BoundingBox) ---
l. 1205 --- needs --- ../figures/wilcox-.png ---
l. 1221 Writing geostats.idv[233] (geostats232x.svg)
l. 1228 Writing geostats.idv[234] (geostats233x.svg)


[131]
l.1246 --- TeX4ht warning --- File `"../figures/KS.xbb"' not found ---
l.1246 --- TeX4ht warning --- Cannot determine size of graphic in "../figures/K
S.xbb" (no BoundingBox) ---
l. 1246 --- needs --- ../figures/KS-.png ---
l.1312 --- TeX4ht warning --- File `"../figures/KSdens.xbb"' not found ---
l.1312 --- TeX4ht warning --- Cannot determine size of graphic in "../figures/K
Sdens.xbb" (no BoundingBox) ---
l. 1312 --- needs --- ../figures/KSdens-.png ---


[132]
l.1332 --- TeX4ht warning --- File `"../figures/KSnorm.xbb"' not found ---
l.1332 --- TeX4ht warning --- Cannot determine size of graphic in "../figures/K
Snorm.xbb" (no BoundingBox) ---
l. 1332 --- needs --- ../figures/KSnorm-.png ---
) (./regression.tex

[133]

[134

]
Chapter 10.
l. 10 Writing geostats.idv[235] (geostats234x.svg)
l. 24 Writing geostats.idv[236] (geostats235x.svg)


[135]
l.54 --- TeX4ht warning --- File `"../figures/RbSr.xbb"' not found ---
l.54 --- TeX4ht warning --- Cannot determine size of graphic in "../figures/RbS
r.xbb" (no BoundingBox) ---
l. 54 --- needs --- ../figures/RbSr-.png ---
l. 70 Writing geostats.idv[237] (geostats236x.svg)
l. 91 Writing geostats.idv[238] (geostats237x.svg)


[136]
l. 99 Writing geostats.idv[239] (geostats238x.svg)
l. 109 Writing geostats.idv[240] (geostats239x.svg)
l.119 --- TeX4ht warning --- File `"../figures/r.xbb"' not found ---
l.119 --- TeX4ht warning --- Cannot determine size of graphic in "../figures/r.
xbb" (no BoundingBox) ---
l. 119 --- needs --- ../figures/r-.png ---


[137]
l. 131 Writing geostats.idv[241] (geostats240x.svg)
l. 170 Writing geostats.idv[242] (geostats241x.svg)


[138]
l.216 --- TeX4ht warning --- File `"../figures/tr.xbb"' not found ---
l.216 --- TeX4ht warning --- Cannot determine size of graphic in "../figures/tr
.xbb" (no BoundingBox) ---
l. 216 --- needs --- ../figures/tr-.png ---


[139]
l. 241 Writing geostats.idv[243] (geostats242x.svg)
l.268 --- TeX4ht warning --- File `"../figures/tryRbSr.xbb"' not found ---
l.268 --- TeX4ht warning --- Cannot determine size of graphic in "../figures/tr
yRbSr.xbb" (no BoundingBox) ---
l. 268 --- needs --- ../figures/tryRbSr-.png ---


[140]
l. 281 Writing geostats.idv[244] (geostats243x.svg)
l. 289 Writing geostats.idv[245] (geostats244x.svg)
l. 315 Writing geostats.idv[246] (geostats245x.svg)


[141]
l. 334 Writing geostats.idv[247] (geostats246x.svg)
l. 340 Writing geostats.idv[248] (geostats247x.svg)


[142]
l. 351 Writing geostats.idv[249] (geostats248x.svg)
l. 360 Writing geostats.idv[250] (geostats249x.svg)
l. 373 Writing geostats.idv[251] (geostats250x.svg)
l. 373 Writing geostats.idv[252] (geostats251x.svg)
l. 375 Writing geostats.idv[253] (geostats252x.svg)


[143]
l. 416 Writing geostats.idv[254] (geostats253x.svg)
l. 425 Writing geostats.idv[255] (geostats254x.svg)
l. 426 Writing geostats.idv[256] (geostats255x.svg)
l. 432 Writing geostats.idv[257] (geostats256x.svg)


[144]
l. 443 Writing geostats.idv[258] (geostats257x.svg)
l.454 --- TeX4ht warning --- File `"../figures/envelope.xbb"' not found ---
l.454 --- TeX4ht warning --- Cannot determine size of graphic in "../figures/en
velope.xbb" (no BoundingBox) ---
l. 454 --- needs --- ../figures/envelope-.png ---
l. 475 Writing geostats.idv[259] (geostats258x.svg)


[145]
l. 482 Writing geostats.idv[260] (geostats259x.svg)
l.487 --- TeX4ht warning --- File `"../figures/prediction-interval.xbb"' not fo
und ---
l.487 --- TeX4ht warning --- Cannot determine size of graphic in "../figures/pr
ediction-interval.xbb" (no BoundingBox) ---
l. 487 --- needs --- ../figures/prediction-interval-.png ---
l.512 --- TeX4ht warning --- File `"../figures/regression-p-hacking.xbb"' not f
ound ---
l.512 --- TeX4ht warning --- Cannot determine size of graphic in "../figures/re
gression-p-hacking.xbb" (no BoundingBox) ---
l. 512 --- needs --- ../figures/regression-p-hacking-.png ---
l.527 --- TeX4ht warning --- File `"../figures/regression-outlier.xbb"' not fou
nd ---
l.527 --- TeX4ht warning --- Cannot determine size of graphic in "../figures/re
gression-outlier.xbb" (no BoundingBox) ---
l. 527 --- needs --- ../figures/regression-outlier-.png ---
l.548 --- TeX4ht warning --- File `"../figures/spurious.xbb"' not found ---
l.548 --- TeX4ht warning --- Cannot determine size of graphic in "../figures/sp
urious.xbb" (no BoundingBox) ---
l. 548 --- needs --- ../figures/spurious-.png ---


[146]
--- file geostats13.html ---
l. 572 Writing geostats.idv[261] (geostats260x.svg)
l. 599 Writing geostats.idv[262] (geostats261x.svg)


[147]
l. 624 Writing geostats.idv[263] (geostats262x.svg)
l. 644 Writing geostats.idv[264] (geostats263x.svg)


[148]
l. 669 Writing geostats.idv[265] (geostats264x.svg)


[149]
l.734 --- TeX4ht warning --- File `"../figures/errorfit.xbb"' not found ---
l.734 --- TeX4ht warning --- Cannot determine size of graphic in "../figures/er
rorfit.xbb" (no BoundingBox) ---
l. 734 --- needs --- ../figures/errorfit-.png ---
l. 755 Writing geostats.idv[266] (geostats265x.svg)
l. 763 Writing geostats.idv[267] (geostats266x.svg)


[150]
l.793 --- TeX4ht warning --- File `"../figures/yorkfit.xbb"' not found ---
l.793 --- TeX4ht warning --- Cannot determine size of graphic in "../figures/yo
rkfit.xbb" (no BoundingBox) ---
l. 793 --- needs --- ../figures/yorkfit-.png ---
) (./fractals.tex

[151]

[152

]
Chapter 11.
--- file geostats14.html ---
l.12 --- TeX4ht warning --- File `"../figures/recentquakes.xbb"' not found ---
l.12 --- TeX4ht warning --- Cannot determine size of graphic in "../figures/rec
entquakes.xbb" (no BoundingBox) ---
l. 12 --- needs --- ../figures/recentquakes-.png ---
l.35 --- TeX4ht warning --- File `"../figures/recentlogquakes.xbb"' not found -
--
l.35 --- TeX4ht warning --- Cannot determine size of graphic in "../figures/rec
entlogquakes.xbb" (no BoundingBox) ---
l. 35 --- needs --- ../figures/recentlogquakes-.png ---
l.63 --- TeX4ht warning --- File `"../figures/gutenberg.xbb"' not found ---
l.63 --- TeX4ht warning --- Cannot determine size of graphic in "../figures/gut
enberg.xbb" (no BoundingBox) ---
l. 63 --- needs --- ../figures/gutenberg-.png ---


[153

]
l. 75 Writing geostats.idv[268] (geostats267x.svg)
l. 93 Writing geostats.idv[269] (geostats268x.svg)
l. 99 Writing geostats.idv[270] (geostats269x.svg)
l. 104 Writing geostats.idv[271] (geostats270x.svg)


[154]
l.131 --- TeX4ht warning --- File `"../figures/Finland.xbb"' not found ---
l.131 --- TeX4ht warning --- Cannot determine size of graphic in "../figures/Fi
nland.xbb" (no BoundingBox) ---
l. 131 --- needs --- ../figures/Finland.png ---
l.149 --- TeX4ht warning --- File `"../figures/Finland.xbb"' not found ---
l.149 --- TeX4ht warning --- Cannot determine size of graphic in "../figures/Fi
nland.xbb" (no BoundingBox) ---
l. 149 --- needs --- ../figures/Finland-.png ---
--- file geostats15.html ---


[155]
l.175 --- TeX4ht warning --- File `"../figures/britain.xbb"' not found ---
l.175 --- TeX4ht warning --- Cannot determine size of graphic in "../figures/br
itain.xbb" (no BoundingBox) ---
l. 175 --- needs --- ../figures/britain-.png ---
l.188 --- TeX4ht warning --- File `"../figures/loglogbritain.xbb"' not found --
-
l.188 --- TeX4ht warning --- Cannot determine size of graphic in "../figures/lo
glogbritain.xbb" (no BoundingBox) ---
l. 188 --- needs --- ../figures/loglogbritain-.png ---
l.209 --- TeX4ht warning --- File `"../figures/fractaldimbritain.xbb"' not foun
d ---
l.209 --- TeX4ht warning --- Cannot determine size of graphic in "../figures/fr
actaldimbritain.xbb" (no BoundingBox) ---
l. 209 --- needs --- ../figures/fractaldimbritain-.png ---
l.225 --- TeX4ht warning --- File `"../figures/Britainboxes.xbb"' not found ---

l.225 --- TeX4ht warning --- Cannot determine size of graphic in "../figures/Br
itainboxes.xbb" (no BoundingBox) ---
l. 225 --- needs --- ../figures/Britainboxes.png ---
l.241 --- TeX4ht warning --- File `"../figures/Britainboxcounts.xbb"' not found
 ---
l.241 --- TeX4ht warning --- Cannot determine size of graphic in "../figures/Br
itainboxcounts.xbb" (no BoundingBox) ---
l. 241 --- needs --- ../figures/Britainboxcounts-.png ---


[156

]
l.256 --- TeX4ht warning --- File `"../figures/Corsica.xbb"' not found ---
l.256 --- TeX4ht warning --- Cannot determine size of graphic in "../figures/Co
rsica.xbb" (no BoundingBox) ---
l. 256 --- needs --- ../figures/Corsica.png ---
l.267 --- TeX4ht warning --- File `"../figures/Corsicaboxcounts.xbb"' not found
 ---
l.267 --- TeX4ht warning --- Cannot determine size of graphic in "../figures/Co
rsicaboxcounts.xbb" (no BoundingBox) ---
l. 267 --- needs --- ../figures/Corsicaboxcounts-.png ---
l.286 --- TeX4ht warning --- File `"../figures/koch1.xbb"' not found ---
l.286 --- TeX4ht warning --- Cannot determine size of graphic in "../figures/ko
ch1.xbb" (no BoundingBox) ---
l. 286 --- needs --- ../figures/koch1-.png ---
l.299 --- TeX4ht warning --- File `"../figures/koch2.xbb"' not found ---
l.299 --- TeX4ht warning --- Cannot determine size of graphic in "../figures/ko
ch2.xbb" (no BoundingBox) ---
l. 299 --- needs --- ../figures/koch2-.png ---
l.311 --- TeX4ht warning --- File `"../figures/koch3.xbb"' not found ---
l.311 --- TeX4ht warning --- Cannot determine size of graphic in "../figures/ko
ch3.xbb" (no BoundingBox) ---
l. 311 --- needs --- ../figures/koch3-.png ---
l.323 --- TeX4ht warning --- File `"../figures/koch6.xbb"' not found ---
l.323 --- TeX4ht warning --- Cannot determine size of graphic in "../figures/ko
ch6.xbb" (no BoundingBox) ---
l. 323 --- needs --- ../figures/koch6-.png ---


[157]
l.341 --- TeX4ht warning --- File `"../figures/koch.xbb"' not found ---
l.341 --- TeX4ht warning --- Cannot determine size of graphic in "../figures/ko
ch.xbb" (no BoundingBox) ---
l. 341 --- needs --- ../figures/koch.png ---
l.353 --- TeX4ht warning --- File `"../figures/kochboxcounts.xbb"' not found --
-
l.353 --- TeX4ht warning --- Cannot determine size of graphic in "../figures/ko
chboxcounts.xbb" (no BoundingBox) ---
l. 353 --- needs --- ../figures/kochboxcounts-.png ---
l.370 --- TeX4ht warning --- File `"../figures/sierpinski.xbb"' not found ---
l.370 --- TeX4ht warning --- Cannot determine size of graphic in "../figures/si
erpinski.xbb" (no BoundingBox) ---
l. 370 --- needs --- ../figures/sierpinski-.png ---
l.394 --- TeX4ht warning --- File `"../figures/sierpinskiboxcounts.xbb"' not fo
und ---
l.394 --- TeX4ht warning --- Cannot determine size of graphic in "../figures/si
erpinskiboxcounts.xbb" (no BoundingBox) ---
l. 394 --- needs --- ../figures/sierpinskiboxcounts-.png ---


[158]
l. 409 Writing geostats.idv[272] (geostats271x.svg)
l. 423 Writing geostats.idv[273] (geostats272x.svg)
--- file geostats16.html ---


[159

]
l.446 --- TeX4ht warning --- File `"../figures/cantor.xbb"' not found ---
l.446 --- TeX4ht warning --- Cannot determine size of graphic in "../figures/ca
ntor.xbb" (no BoundingBox) ---
l. 446 --- needs --- ../figures/cantor-.png ---
l.460 --- TeX4ht warning --- File `"../figures/cantorloglog.xbb"' not found ---

l.460 --- TeX4ht warning --- Cannot determine size of graphic in "../figures/ca
ntorloglog.xbb" (no BoundingBox) ---
l. 460 --- needs --- ../figures/cantorloglog-.png ---
l.477 --- TeX4ht warning --- File `"../figures/pendulum.xbb"' not found ---
l.477 --- TeX4ht warning --- Cannot determine size of graphic in "../figures/pe
ndulum.xbb" (no BoundingBox) ---
l. 477 --- needs --- ../figures/pendulum-.png ---
l.495 --- TeX4ht warning --- File `"../figures/3magnets1.xbb"' not found ---
l.495 --- TeX4ht warning --- Cannot determine size of graphic in "../figures/3m
agnets1.xbb" (no BoundingBox) ---
l. 495 --- needs --- ../figures/3magnets1-.png ---


[160]
l.514 --- TeX4ht warning --- File `"../figures/3magnets2.xbb"' not found ---
l.514 --- TeX4ht warning --- Cannot determine size of graphic in "../figures/3m
agnets2.xbb" (no BoundingBox) ---
l. 514 --- needs --- ../figures/3magnets2-.png ---
l.536 --- TeX4ht warning --- File `"../figures/3magnets.xbb"' not found ---
l.536 --- TeX4ht warning --- Cannot determine size of graphic in "../figures/3m
agnets.xbb" (no BoundingBox) ---
l. 536 --- needs --- ../figures/3magnets.png ---


[161]) (./unsupervised.tex

[162]
Chapter 12.
l. 25 Writing geostats.idv[274] (geostats273x.svg)
l.40 --- TeX4ht warning --- File `"../figures/PCA2Ddata.xbb"' not found ---
l.40 --- TeX4ht warning --- Cannot determine size of graphic in "../figures/PCA
2Ddata.xbb" (no BoundingBox) ---
l. 40 --- needs --- ../figures/PCA2Ddata-.png ---


[163

]
l. 58 Writing geostats.idv[275] (geostats274x.svg)
l. 84 Writing geostats.idv[276] (geostats275x.svg)
--- file geostats17.html ---
l. 97 Writing geostats.idv[277] (geostats276x.svg)


[164]
l. 127 Writing geostats.idv[278] (geostats277x.svg)
l.158 --- TeX4ht warning --- File `"../figures/PCA2D1.xbb"' not found ---
l.158 --- TeX4ht warning --- Cannot determine size of graphic in "../figures/PC
A2D1.xbb" (no BoundingBox) ---
l. 158 --- needs --- ../figures/PCA2D1-.png ---
l. 167 Writing geostats.idv[279] (geostats278x.svg)
l. 167 Writing geostats.idv[280] (geostats279x.svg)
l. 167 Writing geostats.idv[281] (geostats280x.svg)
l. 167 Writing geostats.idv[282] (geostats281x.svg)
l.175 --- TeX4ht warning --- File `"../figures/PCA2D2.xbb"' not found ---
l.175 --- TeX4ht warning --- Cannot determine size of graphic in "../figures/PC
A2D2.xbb" (no BoundingBox) ---
l. 175 --- needs --- ../figures/PCA2D2-.png ---


[165]
l.202 --- TeX4ht warning --- File `"../figures/PCA2D3.xbb"' not found ---
l.202 --- TeX4ht warning --- Cannot determine size of graphic in "../figures/PC
A2D3.xbb" (no BoundingBox) ---
l. 202 --- needs --- ../figures/PCA2D3-.png ---
l. 214 Writing geostats.idv[283] (geostats282x.svg)
l. 214 Writing geostats.idv[284] (geostats283x.svg)
l. 233 Writing geostats.idv[285] (geostats284x.svg)
l. 233 Writing geostats.idv[286] (geostats285x.svg)
l. 233 Writing geostats.idv[287] (geostats286x.svg)
l. 233 Writing geostats.idv[288] (geostats287x.svg)
l. 233 Writing geostats.idv[289] (geostats288x.svg)
l.256 --- TeX4ht warning --- File `"../figures/USArrests.xbb"' not found ---
l.256 --- TeX4ht warning --- Cannot determine size of graphic in "../figures/US
Arrests.xbb" (no BoundingBox) ---
l. 256 --- needs --- ../figures/USArrests-.png ---


[166]
l. 293 Writing geostats.idv[290] (geostats289x.svg)


[167]
l. 299 Writing geostats.idv[291] (geostats290x.svg)
l. 324 Writing geostats.idv[292] (geostats291x.svg)


[168]
l. 348 Writing geostats.idv[293] (geostats292x.svg)
l. 348 Writing geostats.idv[294] (geostats293x.svg)
l. 348 Writing geostats.idv[295] (geostats294x.svg)
l. 348 Writing geostats.idv[296] (geostats295x.svg)
l. 348 Writing geostats.idv[297] (geostats296x.svg)
l. 349 Writing geostats.idv[298] (geostats297x.svg)
l. 349 Writing geostats.idv[299] (geostats298x.svg)
l. 349 Writing geostats.idv[300] (geostats299x.svg)
l.363 --- TeX4ht warning --- File `"../figures/eurodist.xbb"' not found ---
l.363 --- TeX4ht warning --- Cannot determine size of graphic in "../figures/eu
rodist.xbb" (no BoundingBox) ---
l. 363 --- needs --- ../figures/eurodist-.png ---
l.385 --- TeX4ht warning --- File `"../figures/Shepard.xbb"' not found ---
l.385 --- TeX4ht warning --- Cannot determine size of graphic in "../figures/Sh
epard.xbb" (no BoundingBox) ---
l. 385 --- needs --- ../figures/Shepard-.png ---


[169]
l. 403 Writing geostats.idv[301] (geostats300x.svg)
l. 448 Writing geostats.idv[302] (geostats301x.svg)


[170]
l.476 --- TeX4ht warning --- File `"../figures/DZmds.xbb"' not found ---
l.476 --- TeX4ht warning --- Cannot determine size of graphic in "../figures/DZ
mds.xbb" (no BoundingBox) ---
l. 476 --- needs --- ../figures/DZmds-.png ---
l.499 --- TeX4ht warning --- File `"../figures/kmeans1.xbb"' not found ---
l.499 --- TeX4ht warning --- Cannot determine size of graphic in "../figures/km
eans1.xbb" (no BoundingBox) ---
l. 499 --- needs --- ../figures/kmeans1-.png ---
l.515 --- TeX4ht warning --- File `"../figures/kmeans2.xbb"' not found ---
l.515 --- TeX4ht warning --- Cannot determine size of graphic in "../figures/km
eans2.xbb" (no BoundingBox) ---
l. 515 --- needs --- ../figures/kmeans2-.png ---


[171]
l.528 --- TeX4ht warning --- File `"../figures/kmeans3.xbb"' not found ---
l.528 --- TeX4ht warning --- Cannot determine size of graphic in "../figures/km
eans3.xbb" (no BoundingBox) ---
l. 528 --- needs --- ../figures/kmeans3-.png ---
l.541 --- TeX4ht warning --- File `"../figures/kmeans4.xbb"' not found ---
l.541 --- TeX4ht warning --- Cannot determine size of graphic in "../figures/km
eans4.xbb" (no BoundingBox) ---
l. 541 --- needs --- ../figures/kmeans4-.png ---
l.557 --- TeX4ht warning --- File `"../figures/kmeans5.xbb"' not found ---
l.557 --- TeX4ht warning --- Cannot determine size of graphic in "../figures/km
eans5.xbb" (no BoundingBox) ---
l. 557 --- needs --- ../figures/kmeans5-.png ---
l.584 --- TeX4ht warning --- File `"../figures/Iris.xbb"' not found ---
l.584 --- TeX4ht warning --- Cannot determine size of graphic in "../figures/Ir
is.xbb" (no BoundingBox) ---
l. 584 --- needs --- ../figures/Iris-.png ---


[172]

[173]
l. 646 Writing geostats.idv[303] (geostats302x.svg)
l.657 --- TeX4ht warning --- File `"../figures/hierarchical1.xbb"' not found --
-
l.657 --- TeX4ht warning --- Cannot determine size of graphic in "../figures/hi
erarchical1.xbb" (no BoundingBox) ---
l. 657 --- needs --- ../figures/hierarchical1-.png ---
l. 671 Writing geostats.idv[304] (geostats303x.svg)


[174]
l.685 --- TeX4ht warning --- File `"../figures/hierarchical2.xbb"' not found --
-
l.685 --- TeX4ht warning --- Cannot determine size of graphic in "../figures/hi
erarchical2.xbb" (no BoundingBox) ---
l. 685 --- needs --- ../figures/hierarchical2-.png ---
l.688 --- TeX4ht warning --- File `"../figures/tree1.xbb"' not found ---
l.688 --- TeX4ht warning --- Cannot determine size of graphic in "../figures/tr
ee1.xbb" (no BoundingBox) ---
l. 688 --- needs --- ../figures/tree1-.png ---
l. 700 Writing geostats.idv[305] (geostats304x.svg)
l. 710 Writing geostats.idv[306] (geostats305x.svg)
l.718 --- TeX4ht warning --- File `"../figures/hierarchical3.xbb"' not found --
-
l.718 --- TeX4ht warning --- Cannot determine size of graphic in "../figures/hi
erarchical3.xbb" (no BoundingBox) ---
l. 718 --- needs --- ../figures/hierarchical3-.png ---
l.721 --- TeX4ht warning --- File `"../figures/tree2.xbb"' not found ---
l.721 --- TeX4ht warning --- Cannot determine size of graphic in "../figures/tr
ee2.xbb" (no BoundingBox) ---
l. 721 --- needs --- ../figures/tree2-.png ---


[175]
l. 733 Writing geostats.idv[307] (geostats306x.svg)
l.745 --- TeX4ht warning --- File `"../figures/hierarchical4.xbb"' not found --
-
l.745 --- TeX4ht warning --- Cannot determine size of graphic in "../figures/hi
erarchical4.xbb" (no BoundingBox) ---
l. 745 --- needs --- ../figures/hierarchical4-.png ---
l.748 --- TeX4ht warning --- File `"../figures/tree3.xbb"' not found ---
l.748 --- TeX4ht warning --- Cannot determine size of graphic in "../figures/tr
ee3.xbb" (no BoundingBox) ---
l. 748 --- needs --- ../figures/tree3-.png ---
l.761 --- TeX4ht warning --- File `"../figures/hierarchicaltree.xbb"' not found
 ---
l.761 --- TeX4ht warning --- Cannot determine size of graphic in "../figures/hi
erarchicaltree.xbb" (no BoundingBox) ---
l. 761 --- needs --- ../figures/hierarchicaltree-.png ---
l.775 --- TeX4ht warning --- File `"../figures/irishtree.xbb"' not found ---
l.775 --- TeX4ht warning --- Cannot determine size of graphic in "../figures/ir
ishtree.xbb" (no BoundingBox) ---
l. 775 --- needs --- ../figures/irishtree-.png ---


[176]
l.786 --- TeX4ht warning --- File `"../figures/irishtreecut.xbb"' not found ---

l.786 --- TeX4ht warning --- Cannot determine size of graphic in "../figures/ir
ishtreecut.xbb" (no BoundingBox) ---
l. 786 --- needs --- ../figures/irishtreecut-.png ---
) (./supervised.tex

[177]

[178

]
Chapter 13.
l. 37 Writing geostats.idv[308] (geostats307x.svg)
l. 44 Writing geostats.idv[309] (geostats308x.svg)


[179]
l. 56 Writing geostats.idv[310] (geostats309x.svg)
l. 66 Writing geostats.idv[311] (geostats310x.svg)
l.77 --- TeX4ht warning --- File `"../figures/QDA.xbb"' not found ---
l.77 --- TeX4ht warning --- Cannot determine size of graphic in "../figures/QDA
.xbb" (no BoundingBox) ---
l. 77 --- needs --- ../figures/QDA-.png ---


[180]
l. 94 Writing geostats.idv[312] (geostats311x.svg)
l.106 --- TeX4ht warning --- File `"../figures/LDA.xbb"' not found ---
l.106 --- TeX4ht warning --- Cannot determine size of graphic in "../figures/LD
A.xbb" (no BoundingBox) ---
l. 106 --- needs --- ../figures/LDA-.png ---
l. 123 Writing geostats.idv[313] (geostats312x.svg)


[181]
l. 141 Writing geostats.idv[314] (geostats313x.svg)
l. 156 Writing geostats.idv[315] (geostats314x.svg)
l.183 --- TeX4ht warning --- \HRestore\begin  ? ---
l. 183 Writing geostats.idv[316] (geostats315x.svg)
l. 183 Writing geostats.idv[317] (geostats316x.svg)
l. 183 Writing geostats.idv[318] (geostats317x.svg)


[182]
l. 186 Writing geostats.idv[319] (geostats318x.svg)
l. 198 Writing geostats.idv[320] (geostats319x.svg)


[183]
l. 209 Writing geostats.idv[321] (geostats320x.svg)
l. 219 Writing geostats.idv[322] (geostats321x.svg)
l.275 --- TeX4ht warning --- File `"../figures/PCAvsLDA.xbb"' not found ---
l.275 --- TeX4ht warning --- Cannot determine size of graphic in "../figures/PC
AvsLDA.xbb" (no BoundingBox) ---
l. 275 --- needs --- ../figures/PCAvsLDA-.png ---


[184]
l.302 --- TeX4ht warning --- File `"../figures/LDAiris.xbb"' not found ---
l.302 --- TeX4ht warning --- Cannot determine size of graphic in "../figures/LD
Airis.xbb" (no BoundingBox) ---
l. 302 --- needs --- ../figures/LDAiris-.png ---
l.322 --- TeX4ht warning --- File `"../figures/LDAnewiris.xbb"' not found ---
l.322 --- TeX4ht warning --- Cannot determine size of graphic in "../figures/LD
Anewiris.xbb" (no BoundingBox) ---
l. 322 --- needs --- ../figures/LDAnewiris-.png ---


[185]
l.361 --- TeX4ht warning --- File `"../figures/CARTdata.xbb"' not found ---
l.361 --- TeX4ht warning --- Cannot determine size of graphic in "../figures/CA
RTdata.xbb" (no BoundingBox) ---
l. 361 --- needs --- ../figures/CARTdata-.png ---


[186]
l. 380 Writing geostats.idv[323] (geostats322x.svg)
l.392 --- TeX4ht warning --- File `"../figures/Qtries.xbb"' not found ---
l.392 --- TeX4ht warning --- Cannot determine size of graphic in "../figures/Qt
ries.xbb" (no BoundingBox) ---
l. 392 --- needs --- ../figures/Qtries-.png ---
l.407 --- TeX4ht warning --- File `"../figures/Q2.xbb"' not found ---
l.407 --- TeX4ht warning --- Cannot determine size of graphic in "../figures/Q2
.xbb" (no BoundingBox) ---
l. 407 --- needs --- ../figures/Q2-.png ---
l.424 --- TeX4ht warning --- File `"../figures/overfittedCARTscatter.xbb"' not 
found ---
l.424 --- TeX4ht warning --- Cannot determine size of graphic in "../figures/ov
erfittedCARTscatter.xbb" (no BoundingBox) ---
l. 424 --- needs --- ../figures/overfittedCARTscatter-.png ---


[187]
l. 459 Writing geostats.idv[324] (geostats323x.svg)


[188]
l. 472 Writing geostats.idv[325] (geostats324x.svg)
l.486 --- TeX4ht warning --- File `"../figures/cvCART.xbb"' not found ---
l.486 --- TeX4ht warning --- Cannot determine size of graphic in "../figures/cv
CART.xbb" (no BoundingBox) ---
l. 486 --- needs --- ../figures/cvCART-.png ---
l.505 --- TeX4ht warning --- File `"../figures/optimalCART.xbb"' not found ---
l.505 --- TeX4ht warning --- Cannot determine size of graphic in "../figures/op
timalCART.xbb" (no BoundingBox) ---
l. 505 --- needs --- ../figures/optimalCART-.png ---
l.520 --- TeX4ht warning --- File `"../figures/irisCART.xbb"' not found ---
l.520 --- TeX4ht warning --- Cannot determine size of graphic in "../figures/ir
isCART.xbb" (no BoundingBox) ---
l. 520 --- needs --- ../figures/irisCART-.png ---


[189]) (./compositional.tex

[190]
Chapter 14.


[191

]
l. 78 Writing geostats.idv[326] (geostats325x.svg)


[192]
l. 109 Writing geostats.idv[327] (geostats326x.svg)
l. 129 Writing geostats.idv[328] (geostats327x.svg)
l.144 --- TeX4ht warning --- File `"../figures/ACNK.xbb"' not found ---
l.144 --- TeX4ht warning --- Cannot determine size of graphic in "../figures/AC
NK.xbb" (no BoundingBox) ---
l. 144 --- needs --- ../figures/ACNK-.png ---


[193]
l. 164 Writing geostats.idv[329] (geostats328x.svg)
l.179 --- TeX4ht warning --- File `"../figures/ACNKarithmeticmean.xbb"' not fou
nd ---
l.179 --- TeX4ht warning --- Cannot determine size of graphic in "../figures/AC
NKarithmeticmean.xbb" (no BoundingBox) ---
l. 179 --- needs --- ../figures/ACNKarithmeticmean-.png ---


[194]
l. 197 Writing geostats.idv[330] (geostats329x.svg)
l. 214 Writing geostats.idv[331] (geostats330x.svg)
l.228 --- TeX4ht warning --- File `"../figures/ACNKnaive.xbb"' not found ---
l.228 --- TeX4ht warning --- Cannot determine size of graphic in "../figures/AC
NKnaive.xbb" (no BoundingBox) ---
l. 228 --- needs --- ../figures/ACNKnaive-.png ---


[195]
l. 262 Writing geostats.idv[332] (geostats331x.svg)
l. 272 Writing geostats.idv[333] (geostats332x.svg)
l. 281 Writing geostats.idv[334] (geostats333x.svg)
l.281 --- TeX4ht warning --- Cannot determine size of graphic in "../figures/al
r.PDF" (no BoundingBox) ---
File: ../figures/alr.PDF Graphic file (type eps)
<../figures/alr.PDF>

[196]
l. 329 Writing geostats.idv[335] (geostats334x.svg)
l. 329 Writing geostats.idv[336] (geostats335x.svg)
l. 329 Writing geostats.idv[337] (geostats336x.svg)
l. 329 Writing geostats.idv[338] (geostats337x.svg)
l. 329 Writing geostats.idv[339] (geostats338x.svg)
l. 329 Writing geostats.idv[340] (geostats339x.svg)
l. 330 Writing geostats.idv[341] (geostats340x.svg)
l. 330 Writing geostats.idv[342] (geostats341x.svg)
l. 330 Writing geostats.idv[343] (geostats342x.svg)
l. 330 Writing geostats.idv[344] (geostats343x.svg)
l. 330 Writing geostats.idv[345] (geostats344x.svg)


[197]
l. 358 Writing geostats.idv[346] (geostats345x.svg)
l.371 --- TeX4ht warning --- File `"../figures/abc.xbb"' not found ---
l.371 --- TeX4ht warning --- Cannot determine size of graphic in "../figures/ab
c.xbb" (no BoundingBox) ---
l. 371 --- needs --- ../figures/abc-.png ---
l.387 --- TeX4ht warning --- File `"../figures/alraxes.xbb"' not found ---
l.387 --- TeX4ht warning --- Cannot determine size of graphic in "../figures/al
raxes.xbb" (no BoundingBox) ---
l. 387 --- needs --- ../figures/alraxes-.png ---
l. 402 Writing geostats.idv[347] (geostats346x.svg)


[198]
l. 436 Writing geostats.idv[348] (geostats347x.svg)
l. 444 Writing geostats.idv[349] (geostats348x.svg)


[199]
l. 449 Writing geostats.idv[350] (geostats349x.svg)
l. 459 Writing geostats.idv[351] (geostats350x.svg)
l.509 --- TeX4ht warning --- \HRestore\begin  ? ---
l. 509 Writing geostats.idv[352] (geostats351x.svg)
l. 509 Writing geostats.idv[353] (geostats352x.svg)
l. 509 Writing geostats.idv[354] (geostats353x.svg)
l. 509 Writing geostats.idv[355] (geostats354x.svg)


[200]
--- file geostats18.html ---
l.518 --- TeX4ht warning --- File `"../figures/clrPCA.xbb"' not found ---
l.518 --- TeX4ht warning --- Cannot determine size of graphic in "../figures/cl
rPCA.xbb" (no BoundingBox) ---
l. 518 --- needs --- ../figures/clrPCA-.png ---
l.534 --- TeX4ht warning --- File `"../figures/majorPCA.xbb"' not found ---
l.534 --- TeX4ht warning --- Cannot determine size of graphic in "../figures/ma
jorPCA.xbb" (no BoundingBox) ---
l. 534 --- needs --- ../figures/majorPCA-.png ---


[201

]
l.563 --- TeX4ht warning --- File `"../figures/links.xbb"' not found ---
l.563 --- TeX4ht warning --- Cannot determine size of graphic in "../figures/li
nks.xbb" (no BoundingBox) ---
l. 563 --- needs --- ../figures/links-.png ---
l.595 --- TeX4ht warning --- File `"../figures/AFM.xbb"' not found ---
l.595 --- TeX4ht warning --- Cannot determine size of graphic in "../figures/AF
M.xbb" (no BoundingBox) ---
l. 595 --- needs --- ../figures/AFM-.png ---
l.612 --- TeX4ht warning --- File `"../figures/lrAFM.xbb"' not found ---
l.612 --- TeX4ht warning --- Cannot determine size of graphic in "../figures/lr
AFM.xbb" (no BoundingBox) ---
l. 612 --- needs --- ../figures/lrAFM-.png ---
l.631 --- TeX4ht warning --- File `"../figures/LDAAFM.xbb"' not found ---
l.631 --- TeX4ht warning --- Cannot determine size of graphic in "../figures/LD
AAFM.xbb" (no BoundingBox) ---
l. 631 --- needs --- ../figures/LDAAFM-.png ---


[202]
l. 655 Writing geostats.idv[356] (geostats355x.svg)
l. 667 Writing geostats.idv[357] (geostats356x.svg)


[203]
l.684 --- TeX4ht warning --- \HRestore\begin  ? ---
l. 687 Writing geostats.idv[358] (geostats357x.svg)


[204]
l.713 --- TeX4ht warning --- File `"../figures/cath.xbb"' not found ---
l.713 --- TeX4ht warning --- Cannot determine size of graphic in "../figures/ca
th.xbb" (no BoundingBox) ---
l. 713 --- needs --- ../figures/cath-.png ---
) (./directional.tex

[205]

[206

]
Chapter 15.
l.27 --- TeX4ht warning --- File `"../figures/circle1.xbb"' not found ---
l.27 --- TeX4ht warning --- Cannot determine size of graphic in "../figures/cir
cle1.xbb" (no BoundingBox) ---
l. 27 --- needs --- ../figures/circle1-.png ---
l.41 --- TeX4ht warning --- File `"../figures/circle2.xbb"' not found ---
l.41 --- TeX4ht warning --- Cannot determine size of graphic in "../figures/cir
cle2.xbb" (no BoundingBox) ---
l. 41 --- needs --- ../figures/circle2-.png ---
l. 58 Writing geostats.idv[359] (geostats358x.svg)


[207]
l. 73 Writing geostats.idv[360] (geostats359x.svg)
l. 81 Writing geostats.idv[361] (geostats360x.svg)
l.92 --- TeX4ht warning --- File `"../figures/circle3.xbb"' not found ---
l.92 --- TeX4ht warning --- Cannot determine size of graphic in "../figures/cir
cle3.xbb" (no BoundingBox) ---
l. 92 --- needs --- ../figures/circle3-.png ---


[208]
l. 106 Writing geostats.idv[362] (geostats361x.svg)
l.113 --- TeX4ht warning --- File `"../figures/vectorsum.xbb"' not found ---
l.113 --- TeX4ht warning --- Cannot determine size of graphic in "../figures/ve
ctorsum.xbb" (no BoundingBox) ---
l. 113 --- needs --- ../figures/vectorsum-.png ---
l. 129 Writing geostats.idv[363] (geostats362x.svg)
l.139 --- TeX4ht warning --- File `"../figures/lowconcentration.xbb"' not found
 ---
l.139 --- TeX4ht warning --- Cannot determine size of graphic in "../figures/lo
wconcentration.xbb" (no BoundingBox) ---
l. 139 --- needs --- ../figures/lowconcentration-.png ---


[209]
l. 157 Writing geostats.idv[364] (geostats363x.svg)
l.167 --- TeX4ht warning --- File `"../figures/vonMises.xbb"' not found ---
l.167 --- TeX4ht warning --- Cannot determine size of graphic in "../figures/vo
nMises.xbb" (no BoundingBox) ---
l. 167 --- needs --- ../figures/vonMises-.png ---
l. 178 Writing geostats.idv[365] (geostats364x.svg)
l.188 --- TeX4ht warning --- File `"../figures/R2K.xbb"' not found ---
l.188 --- TeX4ht warning --- Cannot determine size of graphic in "../figures/R2
K.xbb" (no BoundingBox) ---
l. 188 --- needs --- ../figures/R2K-.png ---


[210]
l.204 --- TeX4ht warning --- File `"../figures/kappastriations.xbb"' not found 
---
l.204 --- TeX4ht warning --- Cannot determine size of graphic in "../figures/ka
ppastriations.xbb" (no BoundingBox) ---
l. 204 --- needs --- ../figures/kappastriations-.png ---
l. 224 Writing geostats.idv[366] (geostats365x.svg)

Package amsmath Warning: Cannot use `split' here;
(amsmath)                trying to recover with `aligned' on input line 230.

l. 236 Writing geostats.idv[367] (geostats366x.svg)

Package amsmath Warning: Cannot use `split' here;
(amsmath)                trying to recover with `aligned' on input line 242.



[211]
l. 248 Writing geostats.idv[368] (geostats367x.svg)

Package amsmath Warning: Cannot use `split' here;
(amsmath)                trying to recover with `aligned' on input line 254.

l.266 --- TeX4ht warning --- File `"../figures/wulffschmidt.xbb"' not found ---

l.266 --- TeX4ht warning --- Cannot determine size of graphic in "../figures/wu
lffschmidt.xbb" (no BoundingBox) ---
l. 266 --- needs --- ../figures/wulffschmidt-.png ---
l. 281 Writing geostats.idv[369] (geostats368x.svg)

Package amsmath Warning: Cannot use `split' here;
(amsmath)                trying to recover with `aligned' on input line 286.



[212]
l. 291 Writing geostats.idv[370] (geostats369x.svg)

Package amsmath Warning: Cannot use `split' here;
(amsmath)                trying to recover with `aligned' on input line 296.

l. 301 Writing geostats.idv[371] (geostats370x.svg)

Package amsmath Warning: Cannot use `split' here;
(amsmath)                trying to recover with `aligned' on input line 306.

l.317 --- TeX4ht warning --- File `"../figures/Africa.xbb"' not found ---
l.317 --- TeX4ht warning --- Cannot determine size of graphic in "../figures/Af
rica.xbb" (no BoundingBox) ---
l. 317 --- needs --- ../figures/Africa-.png ---


[213]
l.336 --- TeX4ht warning --- File `"../figures/palaeomag.xbb"' not found ---
l.336 --- TeX4ht warning --- Cannot determine size of graphic in "../figures/pa
laeomag.xbb" (no BoundingBox) ---
l. 336 --- needs --- ../figures/palaeomag-.png ---
l.354 --- TeX4ht warning --- File `"../figures/fault.xbb"' not found ---
l.354 --- TeX4ht warning --- Cannot determine size of graphic in "../figures/fa
ult.xbb" (no BoundingBox) ---
l. 354 --- needs --- ../figures/fault-.png ---
l. 376 Writing geostats.idv[372] (geostats371x.svg)


[214]
l. 387 Writing geostats.idv[373] (geostats372x.svg)
l. 399 Writing geostats.idv[374] (geostats373x.svg)
l. 411 Writing geostats.idv[375] (geostats374x.svg)

Package amsmath Warning: Cannot use `split' here;
(amsmath)                trying to recover with `aligned' on input line 416.



[215]
l. 421 Writing geostats.idv[376] (geostats375x.svg)

Package amsmath Warning: Cannot use `split' here;
(amsmath)                trying to recover with `aligned' on input line 426.

l. 431 Writing geostats.idv[377] (geostats376x.svg)

Package amsmath Warning: Cannot use `split' here;
(amsmath)                trying to recover with `aligned' on input line 436.

l.443 --- TeX4ht warning --- File `"../figures/sphericalmean.xbb"' not found --
-
l.443 --- TeX4ht warning --- Cannot determine size of graphic in "../figures/sp
hericalmean.xbb" (no BoundingBox) ---
l. 443 --- needs --- ../figures/sphericalmean-.png ---


[216]
l.478 --- TeX4ht warning --- File `"../figures/pebbles.xbb"' not found ---
l.478 --- TeX4ht warning --- Cannot determine size of graphic in "../figures/pe
bbles.xbb" (no BoundingBox) ---
l. 478 --- needs --- ../figures/pebbles-.png ---
l.498 --- TeX4ht warning --- File `"../figures/inertia.xbb"' not found ---
l.498 --- TeX4ht warning --- Cannot determine size of graphic in "../figures/in
ertia.xbb" (no BoundingBox) ---
l. 498 --- needs --- ../figures/inertia-.png ---


[217]
l. 515 Writing geostats.idv[378] (geostats377x.svg)
l. 558 Writing geostats.idv[379] (geostats378x.svg)
l. 570 Writing geostats.idv[380] (geostats379x.svg)


[218]
l.614 --- TeX4ht warning --- File `"../figures/subhorizontal.xbb"' not found --
-
l.614 --- TeX4ht warning --- Cannot determine size of graphic in "../figures/su
bhorizontal.xbb" (no BoundingBox) ---
l. 614 --- needs --- ../figures/subhorizontal-.png ---
) (./spatial.tex

[219]

[220

]
Chapter 16.
l. 25 Writing geostats.idv[381] (geostats380x.svg)
l. 25 Writing geostats.idv[382] (geostats381x.svg)
l. 25 Writing geostats.idv[383] (geostats382x.svg)
l. 25 Writing geostats.idv[384] (geostats383x.svg)
l. 27 Writing geostats.idv[385] (geostats384x.svg)
l. 27 Writing geostats.idv[386] (geostats385x.svg)
l. 27 Writing geostats.idv[387] (geostats386x.svg)
l. 27 Writing geostats.idv[388] (geostats387x.svg)
--- file geostats19.html ---
l.52 --- TeX4ht warning --- File `"../figures/meusepoints.xbb"' not found ---
l.52 --- TeX4ht warning --- Cannot determine size of graphic in "../figures/meu
sepoints.xbb" (no BoundingBox) ---
l. 52 --- needs --- ../figures/meusepoints-.png ---


[221

]
l. 84 Writing geostats.idv[389] (geostats388x.svg)
l. 85 Writing geostats.idv[390] (geostats389x.svg)
l. 85 Writing geostats.idv[391] (geostats390x.svg)
l. 108 Writing geostats.idv[392] (geostats391x.svg)
l. 108 Writing geostats.idv[393] (geostats392x.svg)
l. 108 Writing geostats.idv[394] (geostats393x.svg)
l. 108 Writing geostats.idv[395] (geostats394x.svg)
l. 108 Writing geostats.idv[396] (geostats395x.svg)
l. 108 Writing geostats.idv[397] (geostats396x.svg)
l. 109 Writing geostats.idv[398] (geostats397x.svg)
l. 109 Writing geostats.idv[399] (geostats398x.svg)
l. 109 Writing geostats.idv[400] (geostats399x.svg)
l. 109 Writing geostats.idv[401] (geostats400x.svg)
l. 109 Writing geostats.idv[402] (geostats401x.svg)
l. 109 Writing geostats.idv[403] (geostats402x.svg)


[222]
l. 132 Writing geostats.idv[404] (geostats403x.svg)
l. 132 Writing geostats.idv[405] (geostats404x.svg)
l. 132 Writing geostats.idv[406] (geostats405x.svg)
l. 132 Writing geostats.idv[407] (geostats406x.svg)
l. 132 Writing geostats.idv[408] (geostats407x.svg)
l. 132 Writing geostats.idv[409] (geostats408x.svg)
l. 133 Writing geostats.idv[410] (geostats409x.svg)
l. 133 Writing geostats.idv[411] (geostats410x.svg)
l. 133 Writing geostats.idv[412] (geostats411x.svg)
l. 133 Writing geostats.idv[413] (geostats412x.svg)
l. 133 Writing geostats.idv[414] (geostats413x.svg)
l. 133 Writing geostats.idv[415] (geostats414x.svg)
l. 133 Writing geostats.idv[416] (geostats415x.svg)
l. 145 Writing geostats.idv[417] (geostats416x.svg)


[223]
l. 156 Writing geostats.idv[418] (geostats417x.svg)
l. 177 Writing geostats.idv[419] (geostats418x.svg)
l. 177 Writing geostats.idv[420] (geostats419x.svg)
l. 177 Writing geostats.idv[421] (geostats420x.svg)
l. 177 Writing geostats.idv[422] (geostats421x.svg)
l. 177 Writing geostats.idv[423] (geostats422x.svg)
l. 177 Writing geostats.idv[424] (geostats423x.svg)
l. 178 Writing geostats.idv[425] (geostats424x.svg)
l. 178 Writing geostats.idv[426] (geostats425x.svg)
l. 178 Writing geostats.idv[427] (geostats426x.svg)
l. 178 Writing geostats.idv[428] (geostats427x.svg)
l. 178 Writing geostats.idv[429] (geostats428x.svg)
l. 178 Writing geostats.idv[430] (geostats429x.svg)
l. 178 Writing geostats.idv[431] (geostats430x.svg)
l. 190 Writing geostats.idv[432] (geostats431x.svg)
l.200 --- TeX4ht warning --- File `"../figures/semivariogram.xbb"' not found --
-
l.200 --- TeX4ht warning --- Cannot determine size of graphic in "../figures/se
mivariogram.xbb" (no BoundingBox) ---
l. 200 --- needs --- ../figures/semivariogram-.png ---


[224]
l. 222 Writing geostats.idv[433] (geostats432x.svg)
l. 236 Writing geostats.idv[434] (geostats433x.svg)


[225]
l. 242 Writing geostats.idv[435] (geostats434x.svg)
l.248 --- TeX4ht warning --- File `"../figures/semivariogramfit.xbb"' not found
 ---
l.248 --- TeX4ht warning --- Cannot determine size of graphic in "../figures/se
mivariogramfit.xbb" (no BoundingBox) ---
l. 248 --- needs --- ../figures/semivariogramfit-.png ---
l.275 --- TeX4ht warning --- File `"../figures/snr.xbb"' not found ---
l.275 --- TeX4ht warning --- Cannot determine size of graphic in "../figures/sn
r.xbb" (no BoundingBox) ---
l. 275 --- needs --- ../figures/snr-.png ---


[226]
l. 296 Writing geostats.idv[436] (geostats435x.svg)
l. 311 Writing geostats.idv[437] (geostats436x.svg)
l. 346 Writing geostats.idv[438] (geostats437x.svg)


[227]
l. 355 Writing geostats.idv[439] (geostats438x.svg)
l. 413 Writing geostats.idv[440] (geostats439x.svg)


[228]
l.424 --- TeX4ht warning --- File `"../figures/meusecontour.xbb"' not found ---

l.424 --- TeX4ht warning --- Cannot determine size of graphic in "../figures/me
usecontour.xbb" (no BoundingBox) ---
l. 424 --- needs --- ../figures/meusecontour-.png ---
l. 437 Writing geostats.idv[441] (geostats440x.svg)
l. 445 Writing geostats.idv[442] (geostats441x.svg)
l. 453 Writing geostats.idv[443] (geostats442x.svg)
l.457 --- TeX4ht warning --- File `"../figures/meusecontourerr.xbb"' not found 
---
l.457 --- TeX4ht warning --- Cannot determine size of graphic in "../figures/me
usecontourerr.xbb" (no BoundingBox) ---
l. 457 --- needs --- ../figures/meusecontourerr-.png ---


[229]) (./R.tex

[230]
Chapter 17.


[231

]

[232]
Overfull \hbox (362.02663pt too wide) in paragraph at lines 158--168
[][][][][][][][][][][][][][][][]\OT1/cmtt/m/n/10.95 x[][]  
 []


Overfull \hbox (988.63359pt too wide) in paragraph at lines 195--205
[][][][][][][][][][][][][][][][]\OT1/cmtt/m/n/10.95 x[][]  
 []



[233]

[234]
Overfull \hbox (224.05812pt too wide) in paragraph at lines 305--314
[][][][][][][][][][][][][][][]\OT1/cmtt/m/n/10.95 x[][]  
 []



[235]
Overfull \hbox (890.9059pt too wide) in paragraph at lines 328--339
[][][][][][][][][][][][][][][][][]\OT1/cmtt/m/n/10.95 x[][]  
 []


Overfull \hbox (367.77531pt too wide) in paragraph at lines 379--390
[][][][][][][][][][][][][][][][][]\OT1/cmtt/m/n/10.95 x[][]  
 []



[236]
Overfull \hbox (620.71758pt too wide) in paragraph at lines 411--418
[][][][][][][][][][][][][]\OT1/cmtt/m/n/10.95 x[][]  
 []


Overfull \hbox (22.85405pt too wide) in paragraph at lines 423--430
[][][][][][][][][][][][][]\OT1/cmtt/m/n/10.95 x[][]  
 []


Overfull \hbox (149.32518pt too wide) in paragraph at lines 435--442
[][][][][][][][][][][][][]\OT1/cmtt/m/n/10.95 x[][]  
 []



[237]

[238]
Overfull \hbox (505.74382pt too wide) in paragraph at lines 550--559
[][][][][][][][][][][][][][][]\OT1/cmtt/m/n/10.95 x[][]  
 []

--- file geostats20.html ---


[239]
Overfull \hbox (706.94789pt too wide) in paragraph at lines 614--626
[][][][][][][][][][][][][][][][][][]\OT1/cmtt/m/n/10.95 x[][]  
 []

--- file geostats21.html ---


[240]
l. 704 Writing geostats.idv[444] (geostats443x.svg)


[241]

[242]
Overfull \hbox (1402.53911pt too wide) in paragraph at lines 832--845
[][][][][][][][][][][][][][][][][][][]\OT1/cmtt/m/n/10.95 x[][]  
 []

l. 856 Writing geostats.idv[445] (geostats444x.svg)

Overfull \hbox (270.04762pt too wide) in paragraph at lines 860--868
[][][][][][][][][][][][][][]\OT1/cmtt/m/n/10.95 x[][]  
 []



[243]

[244]
l. 963 Writing geostats.idv[446] (geostats445x.svg)

Overfull \hbox (1155.34554pt too wide) in paragraph at lines 974--987
[][][][][][][][][][][][][][][][][][][]\OT1/cmtt/m/n/10.95 x[][]  
 []



[245]
l. 1007 Writing geostats.idv[447] (geostats446x.svg)

Overfull \hbox (586.22545pt too wide) in paragraph at lines 1027--1037
[][][][][][][][][][][][][][][][]\OT1/cmtt/m/n/10.95 x[][]  
 []

l. 1050 Writing geostats.idv[448] (geostats447x.svg)
l. 1050 Writing geostats.idv[449] (geostats448x.svg)


[246]
l. 1056 Writing geostats.idv[450] (geostats449x.svg)

Overfull \hbox (350.52925pt too wide) in paragraph at lines 1071--1079
[][][][][][][][][][][][][][]\OT1/cmtt/m/n/10.95 x[][]  
 []

l.1084 --- TeX4ht warning --- File `"../figures/LLpois.xbb"' not found ---
l.1084 --- TeX4ht warning --- Cannot determine size of graphic in "../figures/L
Lpois.xbb" (no BoundingBox) ---
l. 1084 --- needs --- ../figures/LLpois-.png ---
l. 1090 Writing geostats.idv[451] (geostats450x.svg)
l. 1090 Writing geostats.idv[452] (geostats451x.svg)
--- file geostats22.html ---


[247]
l. 1116 Writing geostats.idv[453] (geostats452x.svg)
l. 1119 Writing geostats.idv[454] (geostats453x.svg)
l. 1136 Writing geostats.idv[455] (geostats454x.svg)


[248]
l. 1185 Writing geostats.idv[456] (geostats455x.svg)

Overfull \hbox (109.08437pt too wide) in paragraph at lines 1212--1216
[][][][][][][][][][]\OT1/cmtt/m/n/10.95 x[][]  
 []


Overfull \hbox (195.31468pt too wide) in paragraph at lines 1235--1240
[][][][][][][][][][][]\OT1/cmtt/m/n/10.95 x[][]  
 []



[249]

[250]
--- file geostats23.html ---


[251]
Overfull \hbox (448.25694pt too wide) in paragraph at lines 1397--1402
[][][][][][][][][][][]\OT1/cmtt/m/n/10.95 x[][]  
 []


Overfull \hbox (97.58699pt too wide) in paragraph at lines 1407--1411
[][][][][][][][][][]\OT1/cmtt/m/n/10.95 x[][]  
 []


Overfull \hbox (1143.84816pt too wide) in paragraph at lines 1416--1427
[][][][][][][][][][][][][][][][][]\OT1/cmtt/m/n/10.95 x[][]  
 []



[252]
--- file geostats24.html ---

Overfull \hbox (206.81206pt too wide) in paragraph at lines 1455--1460
[][][][][][][][][][][]\OT1/cmtt/m/n/10.95 x[][]  
 []



[253]
Overfull \hbox (499.99513pt too wide) in paragraph at lines 1511--1516
[][][][][][][][][][][]\OT1/cmtt/m/n/10.95 x[][]  
 []

--- file geostats25.html ---


[254]
Overfull \hbox (103.33568pt too wide) in paragraph at lines 1556--1559
[][][][][][][][][]\OT1/cmtt/m/n/10.95 x[][]  
 []


Overfull \hbox (224.05812pt too wide) in paragraph at lines 1591--1597
[][][][][][][][][][][][]\OT1/cmtt/m/n/10.95 x[][]  
 []



[255]
Overfull \hbox (218.30943pt too wide) in paragraph at lines 1631--1635
[][][][][][][][][][]\OT1/cmtt/m/n/10.95 x[][]  
 []



[256]

[257]
Overfull \hbox (183.8173pt too wide) in paragraph at lines 1744--1748
[][][][][][][][][][]\OT1/cmtt/m/n/10.95 x[][]  
 []



[258]
Overfull \hbox (212.56075pt too wide) in paragraph at lines 1822--1826
[][][][][][][][][][]\OT1/cmtt/m/n/10.95 x[][]  
 []


Overfull \hbox (5.60799pt too wide) in paragraph at lines 1844--1849
[][][][][][][][][][][]\OT1/cmtt/m/n/10.95 x[][]  
 []



[259]
Overfull \hbox (80.34093pt too wide) in paragraph at lines 1876--1879
[][][][][][][][][]\OT1/cmtt/m/n/10.95 x[][]  
 []


Overfull \hbox (959.89015pt too wide) in paragraph at lines 1883--1890
[][][][][][][][][][][][][]\OT1/cmtt/m/n/10.95 x[][]  
 []


Overfull \hbox (959.89015pt too wide) in paragraph at lines 1894--1902
[][][][][][][][][][][][][][]\OT1/cmtt/m/n/10.95 x[][]  
 []


Overfull \hbox (86.08961pt too wide) in paragraph at lines 1906--1910
[][][][][][][][][][]\OT1/cmtt/m/n/10.95 x[][]  
 []



[260]
Overfull \hbox (17.10536pt too wide) in paragraph at lines 1926--1931
[][][][][][][][][][][]\OT1/cmtt/m/n/10.95 x[][]  
 []


Overfull \hbox (499.99513pt too wide) in paragraph at lines 1974--1979
[][][][][][][][][][][]\OT1/cmtt/m/n/10.95 x[][]  
 []



[261]
Overfull \hbox (68.84355pt too wide) in paragraph at lines 1984--1987
[][][][][][][][][]\OT1/cmtt/m/n/10.95 x[][]  
 []

) (./exercises.tex

[262]
Chapter 18.
l. 11 Writing geostats.idv[457] (geostats456x.svg)
l. 31 Writing geostats.idv[458] (geostats457x.svg)


[263

]

[264]

[265]
l.190 --- TeX4ht warning --- File `"../figures/e.xbb"' not found ---
l.190 --- TeX4ht warning --- Cannot determine size of graphic in "../figures/e.
xbb" (no BoundingBox) ---
l. 190 --- needs --- ../figures/e-.png ---
l.193 --- TeX4ht warning --- File `"../figures/e.xbb"' not found ---
l.193 --- TeX4ht warning --- Cannot determine size of graphic in "../figures/e.
xbb" (no BoundingBox) ---
l. 193 --- needs --- ../figures/e-.png ---
l.199 --- TeX4ht warning --- File `"../figures/e.xbb"' not found ---
l.199 --- TeX4ht warning --- Cannot determine size of graphic in "../figures/e.
xbb" (no BoundingBox) ---
l. 199 --- needs --- ../figures/e-.png ---


[266]
l. 215 Writing geostats.idv[459] (geostats458x.svg)
l. 247 Writing geostats.idv[460] (geostats459x.svg)


[267]
--- file geostats26.html ---
l. 309 Writing geostats.idv[461] (geostats460x.svg)


[268]
l. 328 Writing geostats.idv[462] (geostats461x.svg)
l. 346 Writing geostats.idv[463] (geostats462x.svg)


[269]
Overfull \hbox (741.44002pt too wide) in paragraph at lines 365--371
[][][][][][][][][][][][]\OT1/cmtt/m/n/10.95 x[][]  
 []



[270]

[271]

[272]
l. 568 Writing geostats.idv[464] (geostats463x.svg)


[273]) (./solutions.tex

[274]
Chapter 19.

Overfull \hbox (603.47151pt too wide) in paragraph at lines 39--46
[][][][][][][][][][][][][]\OT1/cmtt/m/n/10.95 x[][]  
 []


Overfull \hbox (586.22545pt too wide) in paragraph at lines 57--67
[][][][][][][][][][][][][][][][]\OT1/cmtt/m/n/10.95 x[][]  
 []



[275

]
Overfull \hbox (160.82256pt too wide) in paragraph at lines 94--100
[][][][][][][][][][][][]\OT1/cmtt/m/n/10.95 x[][]  
 []


Overfull \hbox (97.58699pt too wide) in paragraph at lines 116--125
[][][][][][][][][][][][][][][]\OT1/cmtt/m/n/10.95 x[][]  
 []



[276]
Overfull \hbox (1230.07848pt too wide) in paragraph at lines 171--180
[][][][][][][][][][][][][][][]\OT1/cmtt/m/n/10.95 x[][]  
 []


Overfull \hbox (51.59749pt too wide) in paragraph at lines 184--189
[][][][][][][][][][][]\OT1/cmtt/m/n/10.95 x[][]  
 []


Overfull \hbox (385.02138pt too wide) in paragraph at lines 194--202
[][][][][][][][][][][][][][]\OT1/cmtt/m/n/10.95 x[][]  
 []


Overfull \hbox (954.14146pt too wide) in paragraph at lines 216--224
[][][][][][][][][][][][][][]\OT1/cmtt/m/n/10.95 x[][]  
 []



[277]
Overfull \hbox (40.10011pt too wide) in paragraph at lines 230--237
[][][][][][][][][][][][][]\OT1/cmtt/m/n/10.95 x[][]  
 []



[278]
l. 308 Writing geostats.idv[465] (geostats464x.svg)
l. 309 Writing geostats.idv[466] (geostats465x.svg)
l. 309 Writing geostats.idv[467] (geostats466x.svg)
l. 310 Writing geostats.idv[468] (geostats467x.svg)
l. 326 Writing geostats.idv[469] (geostats468x.svg)


[279]
l. 338 Writing geostats.idv[470] (geostats469x.svg)

Overfull \hbox (511.49251pt too wide) in paragraph at lines 344--353
[][][][][][][][][][][][][][][]\OT1/cmtt/m/n/10.95 x[][]  
 []


Overfull \hbox (126.33043pt too wide) in paragraph at lines 359--366
[][][][][][][][][][][][][]\OT1/cmtt/m/n/10.95 x[][]  
 []

l. 372 Writing geostats.idv[471] (geostats470x.svg)


[280]
l. 407 Writing geostats.idv[472] (geostats471x.svg)


[281]
Overfull \hbox (419.5135pt too wide) in paragraph at lines 497--507
[][][][][][][][][][][][][][][][]\OT1/cmtt/m/n/10.95 x[][]  
 []



[282]
l. 537 Writing geostats.idv[473] (geostats472x.svg)
l. 543 Writing geostats.idv[474] (geostats473x.svg)
l. 561 Writing geostats.idv[475] (geostats474x.svg)


[283]
l. 577 Writing geostats.idv[476] (geostats475x.svg)
l. 584 Writing geostats.idv[477] (geostats476x.svg)


[284]

[285]
Overfull \hbox (2724.73729pt too wide) in paragraph at lines 671--684
[][][][][][][][][][][][][][][][][][][]\OT1/cmtt/m/n/10.95 x[][]  
 []


Overfull \hbox (281.545pt too wide) in paragraph at lines 733--739
[][][][][][][][][][][][]\OT1/cmtt/m/n/10.95 x[][]  
 []



[286]
Overfull \hbox (534.48726pt too wide) in paragraph at lines 744--753
[][][][][][][][][][][][][][][]\OT1/cmtt/m/n/10.95 x[][]  
 []

l. 777 Writing geostats.idv[478] (geostats477x.svg)


[287]
l. 793 Writing geostats.idv[479] (geostats478x.svg)
l. 799 Writing geostats.idv[480] (geostats479x.svg)
l. 799 Writing geostats.idv[481] (geostats480x.svg)
l. 801 Writing geostats.idv[482] (geostats481x.svg)
l. 801 Writing geostats.idv[483] (geostats482x.svg)
l. 815 Writing geostats.idv[484] (geostats483x.svg)
l. 823 Writing geostats.idv[485] (geostats484x.svg)


[288]
Overfull \hbox (75.68752pt too wide) in paragraph at lines 841--846
[][][][][][][][][][][]\OT1/cmtt/m/n/10.95 x[][]  
 []

l. 875 Writing geostats.idv[486] (geostats485x.svg)


[289]
l. 913 Writing geostats.idv[487] (geostats486x.svg)
l. 914 Writing geostats.idv[488] (geostats487x.svg)


[290]
l. 916 Writing geostats.idv[489] (geostats488x.svg)
l. 917 Writing geostats.idv[490] (geostats489x.svg)
l. 918 Writing geostats.idv[491] (geostats490x.svg)
l. 925 Writing geostats.idv[492] (geostats491x.svg)


[291]
l. 926 Writing geostats.idv[493] (geostats492x.svg)
l. 929 Writing geostats.idv[494] (geostats493x.svg)
l. 933 Writing geostats.idv[495] (geostats494x.svg)
l. 936 Writing geostats.idv[496] (geostats495x.svg)


[292]
Overfull \hbox (465.503pt too wide) in paragraph at lines 949--957
[][][][][][][][][][][][][][]\OT1/cmtt/m/n/10.95 x[][]  
 []

l. 960 Writing geostats.idv[497] (geostats496x.svg)
l. 963 Writing geostats.idv[498] (geostats497x.svg)

Overfull \hbox (511.49251pt too wide) in paragraph at lines 981--987
[][][][][][][][][][][][]\OT1/cmtt/m/n/10.95 x[][]  
 []



[293]
l. 1003 Writing geostats.idv[499] (geostats498x.svg)
l. 1014 Writing geostats.idv[500] (geostats499x.svg)
l. 1021 Writing geostats.idv[501] (geostats500x.svg)


[294]
l. 1024 Writing geostats.idv[502] (geostats501x.svg)
l. 1045 Writing geostats.idv[503] (geostats502x.svg)

Overfull \hbox (494.24644pt too wide) in paragraph at lines 1049--1056
[][][][][][][][][][][][][]\OT1/cmtt/m/n/10.95 x[][]  
 []


Overfull \hbox (1735.963pt too wide) in paragraph at lines 1062--1072
[][][][][][][][][][][][][][][][]\OT1/cmtt/m/n/10.95 x[][]  
 []



[295]
Overfull \hbox (2621.26091pt too wide) in paragraph at lines 1104--1121
[][][][][][][][][][][][][][][][][][][][][][][]\OT1/cmtt/m/n/10.95 x[][]  
 []


Overfull \hbox (2305.08308pt too wide) in paragraph at lines 1125--1135
[][][][][][][][][][][][][][][][]\OT1/cmtt/m/n/10.95 x[][]  
 []


Overfull \hbox (247.05287pt too wide) in paragraph at lines 1149--1155
[][][][][][][][][][][][]\OT1/cmtt/m/n/10.95 x[][]  
 []



[296]
Overfull \hbox (212.56075pt too wide) in paragraph at lines 1187--1191
[][][][][][][][][][]\OT1/cmtt/m/n/10.95 x[][]  
 []

l. 1203 Writing geostats.idv[504] (geostats503x.svg)

Overfull \hbox (57.34618pt too wide) in paragraph at lines 1242--1246
[][][][][][][][][][]\OT1/cmtt/m/n/10.95 x[][]  
 []



[297]

[298]
Overfull \hbox (913.90065pt too wide) in paragraph at lines 1319--1325
[][][][][][][][][][][][]\OT1/cmtt/m/n/10.95 x[][]  
 []


Overfull \hbox (293.04237pt too wide) in paragraph at lines 1330--1334
[][][][][][][][][][]\OT1/cmtt/m/n/10.95 x[][]  
 []


Overfull \hbox (3288.10869pt too wide) in paragraph at lines 1362--1374
[][][][][][][][][][][][][][][][][][]\OT1/cmtt/m/n/10.95 x[][]  
 []



[299]
l.1394 --- TeX4ht warning --- File `"../figures/PCAiris.xbb"' not found ---
l.1394 --- TeX4ht warning --- Cannot determine size of graphic in "../figures/P
CAiris.xbb" (no BoundingBox) ---
l. 1394 --- needs --- ../figures/PCAiris-.png ---

Overfull \hbox (1442.77992pt too wide) in paragraph at lines 1426--1434
[][][][][][][][][][][][][][]\OT1/cmtt/m/n/10.95 x[][]  
 []

l.1437 --- TeX4ht warning --- File `"../figures/elbow.xbb"' not found ---
l.1437 --- TeX4ht warning --- Cannot determine size of graphic in "../figures/e
lbow.xbb" (no BoundingBox) ---
l. 1437 --- needs --- ../figures/elbow-.png ---


[300]
l.1458 --- TeX4ht warning --- File `"../figures/DZtree.xbb"' not found ---
l.1458 --- TeX4ht warning --- Cannot determine size of graphic in "../figures/D
Ztree.xbb" (no BoundingBox) ---
l. 1458 --- needs --- ../figures/DZtree-.png ---


[301]

[302]
Overfull \hbox (478.09566pt too wide) in paragraph at lines 1626--1632
[][][][][][][][][][][][]\OT1/cmtt/m/n/10.95 x[][]  
 []



[303]
Overfull \hbox (235.5555pt too wide) in paragraph at lines 1658--1662
[][][][][][][][][][]\OT1/cmtt/m/n/10.95 x[][]  
 []


Overfull \hbox (275.79631pt too wide) in paragraph at lines 1671--1677
[][][][][][][][][][][][]\OT1/cmtt/m/n/10.95 x[][]  
 []

l.1680 --- TeX4ht warning --- File `"../figures/testPCA.xbb"' not found ---
l.1680 --- TeX4ht warning --- Cannot determine size of graphic in "../figures/t
estPCA.xbb" (no BoundingBox) ---
l. 1680 --- needs --- ../figures/testPCA-.png ---


[304]

[305]
Overfull \hbox (68.84355pt too wide) in paragraph at lines 1766--1769
[][][][][][][][][]\OT1/cmtt/m/n/10.95 x[][]  
 []


Overfull \hbox (178.06862pt too wide) in paragraph at lines 1774--1778
[][][][][][][][][][]\OT1/cmtt/m/n/10.95 x[][]  
 []


Overfull \hbox (86.08961pt too wide) in paragraph at lines 1782--1785
[][][][][][][][][]\OT1/cmtt/m/n/10.95 x[][]  
 []


Overfull \hbox (275.79631pt too wide) in paragraph at lines 1789--1793
[][][][][][][][][][]\OT1/cmtt/m/n/10.95 x[][]  
 []



[306]
Overfull \hbox (666.70708pt too wide) in paragraph at lines 1846--1852
[][][][][][][][][][][][]\OT1/cmtt/m/n/10.95 x[][]  
 []

l.1860 --- TeX4ht warning --- File `"../figures/hills.xbb"' not found ---
l.1860 --- TeX4ht warning --- Cannot determine size of graphic in "../figures/h
ills.xbb" (no BoundingBox) ---
l. 1860 --- needs --- ../figures/hills-.png ---


[307]
Overfull \hbox (494.24644pt too wide) in paragraph at lines 1888--1893
[][][][][][][][][][][]\OT1/cmtt/m/n/10.95 x[][]  
 []


Overfull \hbox (385.02138pt too wide) in paragraph at lines 1898--1904
[][][][][][][][][][][][]\OT1/cmtt/m/n/10.95 x[][]  
 []


Overfull \hbox (1281.81667pt too wide) in paragraph at lines 1908--1915
[][][][][][][][][][][][][]\OT1/cmtt/m/n/10.95 x[][]  
 []


Overfull \hbox (120.58174pt too wide) in paragraph at lines 1920--1923
[][][][][][][][][]\OT1/cmtt/m/n/10.95 x[][]  
 []

l.1930 --- TeX4ht warning --- File `"../figures/sphvsexp.xbb"' not found ---
l.1930 --- TeX4ht warning --- Cannot determine size of graphic in "../figures/s
phvsexp.xbb" (no BoundingBox) ---
l. 1930 --- needs --- ../figures/sphvsexp-.png ---
) (./tables.tex

[308]
Chapter 20.


[309

]

[310

]

[311

]

[312

]

[313

]
! Undefined control sequence.
\f:HBorder ...border-top:1px solid \#\hline:color 
                                                  ;"></td>
l.21  $
       df$  & 0.55 & 0.6 & 0.65 & 0.7 & 0.75 & 0.8 & 0.85 & 0.9 & 0.95 & 0.9...
The control sequence at the end of the top line
of your error message was never \def'ed. If you have
misspelled it (e.g., `\hobx'), type `I' and the correct
spelling (e.g., `I\hbox'). Otherwise just continue,
and I'll forget about whatever was undefined.

! Undefined control sequence.
\f:HBorder ...border-top:1px solid \#\hline:color 
                                                  ;"></td>
l.21  $
       df$  & 0.55 & 0.6 & 0.65 & 0.7 & 0.75 & 0.8 & 0.85 & 0.9 & 0.95 & 0.9...
The control sequence at the end of the top line
of your error message was never \def'ed. If you have
misspelled it (e.g., `\hobx'), type `I' and the correct
spelling (e.g., `I\hbox'). Otherwise just continue,
and I'll forget about whatever was undefined.

! Undefined control sequence.
\f:HBorder ...border-top:1px solid \#\hline:color 
                                                  ;"></td>
l.21  $
       df$  & 0.55 & 0.6 & 0.65 & 0.7 & 0.75 & 0.8 & 0.85 & 0.9 & 0.95 & 0.9...
The control sequence at the end of the top line
of your error message was never \def'ed. If you have
misspelled it (e.g., `\hobx'), type `I' and the correct
spelling (e.g., `I\hbox'). Otherwise just continue,
and I'll forget about whatever was undefined.

! Undefined control sequence.
\f:HBorder ...border-top:1px solid \#\hline:color 
                                                  ;"></td>
l.21  $
       df$  & 0.55 & 0.6 & 0.65 & 0.7 & 0.75 & 0.8 & 0.85 & 0.9 & 0.95 & 0.9...
The control sequence at the end of the top line
of your error message was never \def'ed. If you have
misspelled it (e.g., `\hobx'), type `I' and the correct
spelling (e.g., `I\hbox'). Otherwise just continue,
and I'll forget about whatever was undefined.

! Undefined control sequence.
\f:HBorder ...border-top:1px solid \#\hline:color 
                                                  ;"></td>
l.21  $
       df$  & 0.55 & 0.6 & 0.65 & 0.7 & 0.75 & 0.8 & 0.85 & 0.9 & 0.95 & 0.9...
The control sequence at the end of the top line
of your error message was never \def'ed. If you have
misspelled it (e.g., `\hobx'), type `I' and the correct
spelling (e.g., `I\hbox'). Otherwise just continue,
and I'll forget about whatever was undefined.

! Undefined control sequence.
\f:HBorder ...border-top:1px solid \#\hline:color 
                                                  ;"></td>
l.21  $
       df$  & 0.55 & 0.6 & 0.65 & 0.7 & 0.75 & 0.8 & 0.85 & 0.9 & 0.95 & 0.9...
The control sequence at the end of the top line
of your error message was never \def'ed. If you have
misspelled it (e.g., `\hobx'), type `I' and the correct
spelling (e.g., `I\hbox'). Otherwise just continue,
and I'll forget about whatever was undefined.

! Undefined control sequence.
\f:HBorder ...border-top:1px solid \#\hline:color 
                                                  ;"></td>
l.21  $
       df$  & 0.55 & 0.6 & 0.65 & 0.7 & 0.75 & 0.8 & 0.85 & 0.9 & 0.95 & 0.9...
The control sequence at the end of the top line
of your error message was never \def'ed. If you have
misspelled it (e.g., `\hobx'), type `I' and the correct
spelling (e.g., `I\hbox'). Otherwise just continue,
and I'll forget about whatever was undefined.

! Undefined control sequence.
\f:HBorder ...border-top:1px solid \#\hline:color 
                                                  ;"></td>
l.21  $
       df$  & 0.55 & 0.6 & 0.65 & 0.7 & 0.75 & 0.8 & 0.85 & 0.9 & 0.95 & 0.9...
The control sequence at the end of the top line
of your error message was never \def'ed. If you have
misspelled it (e.g., `\hobx'), type `I' and the correct
spelling (e.g., `I\hbox'). Otherwise just continue,
and I'll forget about whatever was undefined.

! Undefined control sequence.
\f:HBorder ...border-top:1px solid \#\hline:color 
                                                  ;"></td>
l.21  $
       df$  & 0.55 & 0.6 & 0.65 & 0.7 & 0.75 & 0.8 & 0.85 & 0.9 & 0.95 & 0.9...
The control sequence at the end of the top line
of your error message was never \def'ed. If you have
misspelled it (e.g., `\hobx'), type `I' and the correct
spelling (e.g., `I\hbox'). Otherwise just continue,
and I'll forget about whatever was undefined.

! Undefined control sequence.
\f:HBorder ...border-top:1px solid \#\hline:color 
                                                  ;"></td>
l.21  $
       df$  & 0.55 & 0.6 & 0.65 & 0.7 & 0.75 & 0.8 & 0.85 & 0.9 & 0.95 & 0.9...
The control sequence at the end of the top line
of your error message was never \def'ed. If you have
misspelled it (e.g., `\hobx'), type `I' and the correct
spelling (e.g., `I\hbox'). Otherwise just continue,
and I'll forget about whatever was undefined.

! Undefined control sequence.
\f:HBorder ...border-top:1px solid \#\hline:color 
                                                  ;"></td>
l.21  $
       df$  & 0.55 & 0.6 & 0.65 & 0.7 & 0.75 & 0.8 & 0.85 & 0.9 & 0.95 & 0.9...
The control sequence at the end of the top line
of your error message was never \def'ed. If you have
misspelled it (e.g., `\hobx'), type `I' and the correct
spelling (e.g., `I\hbox'). Otherwise just continue,
and I'll forget about whatever was undefined.

! Undefined control sequence.
\f:HBorder ...border-top:1px solid \#\hline:color 
                                                  ;"></td>
l.21  $
       df$  & 0.55 & 0.6 & 0.65 & 0.7 & 0.75 & 0.8 & 0.85 & 0.9 & 0.95 & 0.9...
The control sequence at the end of the top line
of your error message was never \def'ed. If you have
misspelled it (e.g., `\hobx'), type `I' and the correct
spelling (e.g., `I\hbox'). Otherwise just continue,
and I'll forget about whatever was undefined.



[314

]

[315

]

[316

]
! Undefined control sequence.
\f:HBorder ...border-top:1px solid \#\hline:color 
                                                  ;"></td>
l.53 $
      df$ & 0.025 & 0.05 & 0.1 & 0.2 & 0.3 & 0.4 & 0.5 & 0.6 & 0.7 & 0.8 & 0...
The control sequence at the end of the top line
of your error message was never \def'ed. If you have
misspelled it (e.g., `\hobx'), type `I' and the correct
spelling (e.g., `I\hbox'). Otherwise just continue,
and I'll forget about whatever was undefined.

! Undefined control sequence.
\f:HBorder ...border-top:1px solid \#\hline:color 
                                                  ;"></td>
l.53 $
      df$ & 0.025 & 0.05 & 0.1 & 0.2 & 0.3 & 0.4 & 0.5 & 0.6 & 0.7 & 0.8 & 0...
The control sequence at the end of the top line
of your error message was never \def'ed. If you have
misspelled it (e.g., `\hobx'), type `I' and the correct
spelling (e.g., `I\hbox'). Otherwise just continue,
and I'll forget about whatever was undefined.

! Undefined control sequence.
\f:HBorder ...border-top:1px solid \#\hline:color 
                                                  ;"></td>
l.53 $
      df$ & 0.025 & 0.05 & 0.1 & 0.2 & 0.3 & 0.4 & 0.5 & 0.6 & 0.7 & 0.8 & 0...
The control sequence at the end of the top line
of your error message was never \def'ed. If you have
misspelled it (e.g., `\hobx'), type `I' and the correct
spelling (e.g., `I\hbox'). Otherwise just continue,
and I'll forget about whatever was undefined.

! Undefined control sequence.
\f:HBorder ...border-top:1px solid \#\hline:color 
                                                  ;"></td>
l.53 $
      df$ & 0.025 & 0.05 & 0.1 & 0.2 & 0.3 & 0.4 & 0.5 & 0.6 & 0.7 & 0.8 & 0...
The control sequence at the end of the top line
of your error message was never \def'ed. If you have
misspelled it (e.g., `\hobx'), type `I' and the correct
spelling (e.g., `I\hbox'). Otherwise just continue,
and I'll forget about whatever was undefined.

! Undefined control sequence.
\f:HBorder ...border-top:1px solid \#\hline:color 
                                                  ;"></td>
l.53 $
      df$ & 0.025 & 0.05 & 0.1 & 0.2 & 0.3 & 0.4 & 0.5 & 0.6 & 0.7 & 0.8 & 0...
The control sequence at the end of the top line
of your error message was never \def'ed. If you have
misspelled it (e.g., `\hobx'), type `I' and the correct
spelling (e.g., `I\hbox'). Otherwise just continue,
and I'll forget about whatever was undefined.

! Undefined control sequence.
\f:HBorder ...border-top:1px solid \#\hline:color 
                                                  ;"></td>
l.53 $
      df$ & 0.025 & 0.05 & 0.1 & 0.2 & 0.3 & 0.4 & 0.5 & 0.6 & 0.7 & 0.8 & 0...
The control sequence at the end of the top line
of your error message was never \def'ed. If you have
misspelled it (e.g., `\hobx'), type `I' and the correct
spelling (e.g., `I\hbox'). Otherwise just continue,
and I'll forget about whatever was undefined.

! Undefined control sequence.
\f:HBorder ...border-top:1px solid \#\hline:color 
                                                  ;"></td>
l.53 $
      df$ & 0.025 & 0.05 & 0.1 & 0.2 & 0.3 & 0.4 & 0.5 & 0.6 & 0.7 & 0.8 & 0...
The control sequence at the end of the top line
of your error message was never \def'ed. If you have
misspelled it (e.g., `\hobx'), type `I' and the correct
spelling (e.g., `I\hbox'). Otherwise just continue,
and I'll forget about whatever was undefined.

! Undefined control sequence.
\f:HBorder ...border-top:1px solid \#\hline:color 
                                                  ;"></td>
l.53 $
      df$ & 0.025 & 0.05 & 0.1 & 0.2 & 0.3 & 0.4 & 0.5 & 0.6 & 0.7 & 0.8 & 0...
The control sequence at the end of the top line
of your error message was never \def'ed. If you have
misspelled it (e.g., `\hobx'), type `I' and the correct
spelling (e.g., `I\hbox'). Otherwise just continue,
and I'll forget about whatever was undefined.

! Undefined control sequence.
\f:HBorder ...border-top:1px solid \#\hline:color 
                                                  ;"></td>
l.53 $
      df$ & 0.025 & 0.05 & 0.1 & 0.2 & 0.3 & 0.4 & 0.5 & 0.6 & 0.7 & 0.8 & 0...
The control sequence at the end of the top line
of your error message was never \def'ed. If you have
misspelled it (e.g., `\hobx'), type `I' and the correct
spelling (e.g., `I\hbox'). Otherwise just continue,
and I'll forget about whatever was undefined.

! Undefined control sequence.
\f:HBorder ...border-top:1px solid \#\hline:color 
                                                  ;"></td>
l.53 $
      df$ & 0.025 & 0.05 & 0.1 & 0.2 & 0.3 & 0.4 & 0.5 & 0.6 & 0.7 & 0.8 & 0...
The control sequence at the end of the top line
of your error message was never \def'ed. If you have
misspelled it (e.g., `\hobx'), type `I' and the correct
spelling (e.g., `I\hbox'). Otherwise just continue,
and I'll forget about whatever was undefined.

! Undefined control sequence.
\f:HBorder ...border-top:1px solid \#\hline:color 
                                                  ;"></td>
l.53 $
      df$ & 0.025 & 0.05 & 0.1 & 0.2 & 0.3 & 0.4 & 0.5 & 0.6 & 0.7 & 0.8 & 0...
The control sequence at the end of the top line
of your error message was never \def'ed. If you have
misspelled it (e.g., `\hobx'), type `I' and the correct
spelling (e.g., `I\hbox'). Otherwise just continue,
and I'll forget about whatever was undefined.

! Undefined control sequence.
\f:HBorder ...border-top:1px solid \#\hline:color 
                                                  ;"></td>
l.53 $
      df$ & 0.025 & 0.05 & 0.1 & 0.2 & 0.3 & 0.4 & 0.5 & 0.6 & 0.7 & 0.8 & 0...
The control sequence at the end of the top line
of your error message was never \def'ed. If you have
misspelled it (e.g., `\hobx'), type `I' and the correct
spelling (e.g., `I\hbox'). Otherwise just continue,
and I'll forget about whatever was undefined.

! Undefined control sequence.
\f:HBorder ...border-top:1px solid \#\hline:color 
                                                  ;"></td>
l.53 $
      df$ & 0.025 & 0.05 & 0.1 & 0.2 & 0.3 & 0.4 & 0.5 & 0.6 & 0.7 & 0.8 & 0...
The control sequence at the end of the top line
of your error message was never \def'ed. If you have
misspelled it (e.g., `\hobx'), type `I' and the correct
spelling (e.g., `I\hbox'). Otherwise just continue,
and I'll forget about whatever was undefined.



[317

]

[318

]

[319

]

[320

]

[321

]

[322

]

[323

])

[324

] (./geostats.aux)
 ***********
LaTeX2e <2024-11-01> patch level 2
L3 programming layer <2025-01-18>
 ***********

LaTeX Warning: Label(s) may have changed. Rerun to get cross-references right.

 ) 
Here is how much of TeX's memory you used:
 35224 strings out of 473198
 605037 string characters out of 5718631
 1392460 words of memory out of 5000000
 57147 multiletter control sequences out of 15000+600000
 570227 words of font info for 76 fonts, out of 8000000 for 9000
 1141 hyphenation exceptions out of 8191
 108i,28n,117p,1823b,1212s stack positions out of 10000i,1000n,20000p,200000b,200000s

Output written on geostats.dvi (327 pages, 2760452 bytes).
